id,number,group,measurement.date,SPAD
D55,55,D,28.06.2022,30.2
D56,56,D,28.06.2022,32
D57,57,D,28.06.2022,37.5
D58,58,D,28.06.2022,35.7
D59,59,D,28.06.2022,32.5
D60,60,D,28.06.2022,29.9
D61,61,D,28.06.2022,33.5
D62,62,D,28.06.2022,28.4
D63,63,D,28.06.2022,32
D64,64,D,28.06.2022,30.7
D65,65,D,28.06.2022,34.9
D66,66,D,28.06.2022,34.6
D67,67,D,28.06.2022,36
D68,68,D,28.06.2022,34
D69,69,D,28.06.2022,38.6
D70,70,D,28.06.2022,33.5
D71,71,D,28.06.2022,27.1
D72,72,D,28.06.2022,35.7
E73,73,E,28.06.2022,30.9
E74,74,E,28.06.2022,33.7
E75,75,E,28.06.2022,32.2
E76,76,E,28.06.2022,30.2
E77,77,E,28.06.2022,33.9
E78,78,E,28.06.2022,36.3
E79,79,E,28.06.2022,37
E80,80,E,28.06.2022,29.7
E81,81,E,28.06.2022,34.6
E82,82,E,28.06.2022,33.2
E83,83,E,28.06.2022,33.9
E84,84,E,28.06.2022,38.4
E85,85,E,28.06.2022,34.4
E86,86,E,28.06.2022,30.8
E87,87,E,28.06.2022,38.7
E88,88,E,28.06.2022,36.1
E89,89,E,28.06.2022,35.5
E90,90,E,28.06.2022,31.2
F91,91,F,28.06.2022,32.1
F93,92,F,28.06.2022,33.3
F93,93,F,28.06.2022,35.4
F94,94,F,28.06.2022,25.1
F95,95,F,28.06.2022,27.4
F96,96,F,28.06.2022,41.1
F97,97,F,28.06.2022,31.3
F98,98,F,28.06.2022,37.3
F99,99,F,28.06.2022,33.6
F100,100,F,28.06.2022,32.9
F101,101,F,28.06.2022,30.6
F102,102,F,28.06.2022,32.2
F103,103,F,28.06.2022,34.4
F104,104,F,28.06.2022,32.9
F105,105,F,28.06.2022,25.9
F106,106,F,28.06.2022,27.2
F107,107,F,28.06.2022,35.6
F108,108,F,28.06.2022,30.3
G109,109,G,28.06.2022,33
G110,110,G,28.06.2022,29
G111,111,G,28.06.2022,30
G112,112,G,28.06.2022,32.3
G113,113,G,28.06.2022,36.4
G114,114,G,28.06.2022,39.3
G115,115,G,28.06.2022,34.5
G116,116,G,28.06.2022,32.8
G117,117,G,28.06.2022,32.8
G118,118,G,28.06.2022,30
G119,119,G,28.06.2022,30
G120,120,G,28.06.2022,35.9
G121,121,G,28.06.2022,30.7
G122,122,G,28.06.2022,28.9
G123,123,G,28.06.2022,35.2
G124,124,G,28.06.2022,34.5
G125,125,G,28.06.2022,35.2
G126,126,G,28.06.2022,33.8
H127,127,H,28.06.2022,35.6
H128,128,H,28.06.2022,30.2
H129,129,H,28.06.2022,32.4
H130,130,H,28.06.2022,29.6
H131,131,H,28.06.2022,38.1
H132,132,H,28.06.2022,31.4
H133,133,H,28.06.2022,33.3
H134,134,H,28.06.2022,27.9
H135,135,H,28.06.2022,32.2
H136,136,H,28.06.2022,35.2
H137,137,H,28.06.2022,36.1
H138,138,H,28.06.2022,35.3
H139,139,H,28.06.2022,29.6
H140,140,H,28.06.2022,32.8
H141,141,H,28.06.2022,31.3
H142,142,H,28.06.2022,31.7
H143,143,H,28.06.2022,38.1
H144,144,H,28.06.2022,31.7
I145,145,I,28.06.2022,30.9
I146,146,I,28.06.2022,32.5
I147,147,I,28.06.2022,35.6
I148,148,I,28.06.2022,29.5
I149,149,I,28.06.2022,31.8
I150,150,I,28.06.2022,37.2
I151,151,I,28.06.2022,32.4
I152,152,I,28.06.2022,35.9
I153,153,I,28.06.2022,33.9
I154,154,I,28.06.2022,31.7
I155,155,I,28.06.2022,30.6
I156,156,I,28.06.2022,30.9
I157,157,I,28.06.2022,33.7
I158,158,I,28.06.2022,29.6
I159,159,I,28.06.2022,33.9
I160,160,I,28.06.2022,32.3
I161,161,I,28.06.2022,29.5
I162,162,I,28.06.2022,31.9
A01,1,A,28.06.2022,38.9
A02,2,A,28.06.2022,35.8
A03,3,A,28.06.2022,40.4
A04,4,A,28.06.2022,34.1
A05,5,A,28.06.2022,33.7
A06,6,A,28.06.2022,33
A07,7,A,28.06.2022,30.3
A08,8,A,28.06.2022,35.2
A09,9,A,28.06.2022,25.6
A10,10,A,28.06.2022,33.4
A11,11,A,28.06.2022,33.2
A12,12,A,28.06.2022,33.8
A13,13,A,28.06.2022,35.6
A14,14,A,28.06.2022,32
A15,15,A,28.06.2022,31.1
A16,16,A,28.06.2022,36.5
A17,17,A,28.06.2022,33.5
A18,18,A,28.06.2022,31
B19,19,B,28.06.2022,35.7
B20,20,B,28.06.2022,30
B21,21,B,28.06.2022,34.3
B22,22,B,28.06.2022,21.5
B23,23,B,28.06.2022,34
B24,24,B,28.06.2022,29.5
B25,25,B,28.06.2022,27
B26,26,B,28.06.2022,37.9
B27,27,B,28.06.2022,27.8
B28,28,B,28.06.2022,36.3
B29,29,B,28.06.2022,34.8
B30,30,B,28.06.2022,29
B31,31,B,28.06.2022,31.4
B32,32,B,28.06.2022,29.1
B33,33,B,28.06.2022,31.2
B34,34,B,28.06.2022,30.5
B35,35,B,28.06.2022,37.1
B36,36,B,28.06.2022,28.3
C37,37,C,28.06.2022,32.4
C38,38,C,28.06.2022,35.6
C39,39,C,28.06.2022,25.9
C40,40,C,28.06.2022,34.7
C41,41,C,28.06.2022,36.6
C42,42,C,28.06.2022,34.9
C43,43,C,28.06.2022,31.9
C44,44,C,28.06.2022,33.6
C45,45,C,28.06.2022,29
C46,46,C,28.06.2022,32.6
C47,47,C,28.06.2022,34
C48,48,C,28.06.2022,37.7
C49,49,C,28.06.2022,35.2
C50,50,C,28.06.2022,35.6
C51,51,C,28.06.2022,36.4
C52,52,C,28.06.2022,33.2
C53,53,C,28.06.2022,39.1
C54,54,C,28.06.2022,34.8
J163,163,J,28.06.2022,33
J164,164,J,28.06.2022,28.7
J165,165,J,28.06.2022,35.8
J166,166,J,28.06.2022,35.1
J167,167,J,28.06.2022,25.6
J168,168,J,28.06.2022,31.9
J169,169,J,28.06.2022,35.6
J170,170,J,28.06.2022,32.3
J171,171,J,28.06.2022,36.2
J172,172,J,28.06.2022,32.5
J173,173,J,28.06.2022,38.2
J174,174,J,28.06.2022,37.5
J175,175,J,28.06.2022,29.5
J176,176,J,28.06.2022,33.6
J177,177,J,28.06.2022,34.1
J178,178,J,28.06.2022,29.3
J179,179,J,28.06.2022,30.2
J180,180,J,28.06.2022,36.9
K181,181,K,28.06.2022,35.2
K182,182,K,28.06.2022,40.1
K183,183,K,28.06.2022,32.2
K184,184,K,28.06.2022,27.4
K185,185,K,28.06.2022,30
K186,186,K,28.06.2022,31.5
K187,187,K,28.06.2022,30.6
K188,188,K,28.06.2022,33.4
K189,189,K,28.06.2022,32.6
K190,190,K,28.06.2022,34.9
K191,191,K,28.06.2022,31.4
K192,192,K,28.06.2022,36
K193,193,K,28.06.2022,31.2
K194,194,K,28.06.2022,32.1
K195,195,K,28.06.2022,35.9
K196,196,K,28.06.2022,34.4
K197,197,K,28.06.2022,32.5
K198,198,K,28.06.2022,32.7
H127,127,H,07.08.2022,38.3
H128,128,H,07.08.2022,35
H129,129,H,07.08.2022,32.8
H130,130,H,07.08.2022,32
H131,131,H,07.08.2022,41.5
H132,132,H,07.08.2022,33.6
H133,133,H,07.08.2022,34.2
H134,134,H,07.08.2022,31.8
H135,135,H,07.08.2022,33.5
H136,136,H,07.08.2022,36.9
H137,137,H,07.08.2022,38.1
H138,138,H,07.08.2022,34.1
H139,139,H,07.08.2022,31.2
H140,140,H,07.08.2022,33.3
H141,141,H,07.08.2022,36.2
H142,142,H,07.08.2022,34.9
H143,143,H,07.08.2022,41.1
H144,144,H,07.08.2022,34.8
I145,145,I,07.08.2022,32.1
I146,146,I,07.08.2022,32.2
I147,147,I,07.08.2022,35.2
I148,148,I,07.08.2022,28.8
I149,149,I,07.08.2022,34.2
I150,150,I,07.08.2022,37.5
I151,151,I,07.08.2022,30.6
I152,152,I,07.08.2022,33.5
I153,153,I,07.08.2022,34.3
I154,154,I,07.08.2022,31
I155,155,I,07.08.2022,29.4
I156,156,I,07.08.2022,31.3
I157,157,I,07.08.2022,38.1
I158,158,I,07.08.2022,28
I159,159,I,07.08.2022,35.8
I160,160,I,07.08.2022,32.7
I161,161,I,07.08.2022,30.8
I162,162,I,07.08.2022,34.6
J163,163,J,07.08.2022,33.6
J164,164,J,07.08.2022,31
J165,165,J,07.08.2022,34.9
J166,166,J,07.08.2022,34.2
J167,167,J,07.08.2022,29.2
J168,168,J,07.08.2022,31.8
J169,169,J,07.08.2022,37.1
J170,170,J,07.08.2022,34.9
J171,171,J,07.08.2022,35.7
J172,172,J,07.08.2022,31.2
J173,173,J,07.08.2022,36.9
J174,174,J,07.08.2022,35.5
J175,175,J,07.08.2022,27.1
J176,176,J,07.08.2022,34.4
J177,177,J,07.08.2022,33.6
J178,178,J,07.08.2022,32.7
J179,179,J,07.08.2022,32.4
J180,180,J,07.08.2022,38.4
K181,181,K,07.08.2022,31.9
K182,182,K,07.08.2022,35.2
K183,183,K,07.08.2022,32.8
K184,184,K,07.08.2022,28.7
K185,185,K,07.08.2022,25.4
K186,186,K,07.08.2022,28.8
K187,187,K,07.08.2022,27.6
K188,188,K,07.08.2022,31.6
K189,189,K,07.08.2022,30.3
K190,190,K,07.08.2022,30.2
K191,191,K,07.08.2022,30.2
K192,192,K,07.08.2022,32.9
K193,193,K,07.08.2022,30.7
K194,194,K,07.08.2022,30.8
K195,195,K,07.08.2022,32.6
K196,196,K,07.08.2022,30.2
K197,197,K,07.08.2022,30.9
K198,198,K,07.08.2022,30.6
D55,55,D,07.08.2022,32.7
D56,56,D,07.08.2022,33
D57,57,D,07.08.2022,36.2
D58,58,D,07.08.2022,34.3
D59,59,D,07.08.2022,31.7
D60,60,D,07.08.2022,32.5
D61,61,D,07.08.2022,35.9
D62,62,D,07.08.2022,25.9
D63,63,D,07.08.2022,33.4
D64,64,D,07.08.2022,30.6
D65,65,D,07.08.2022,35.8
D66,66,D,07.08.2022,36.5
D67,67,D,07.08.2022,38.7
D68,68,D,07.08.2022,33.9
D69,69,D,07.08.2022,39.6
D70,70,D,07.08.2022,38.8
D71,71,D,07.08.2022,31.2
D72,72,D,07.08.2022,38.6
E73,73,E,07.08.2022,33.2
E74,74,E,07.08.2022,34.7
E75,75,E,07.08.2022,30
E76,76,E,07.08.2022,30.7
E77,77,E,07.08.2022,34.7
E78,78,E,07.08.2022,39.4
E79,79,E,07.08.2022,34.4
E80,80,E,07.08.2022,31.4
E81,81,E,07.08.2022,37.3
E82,82,E,07.08.2022,29.2
E83,83,E,07.08.2022,37.6
E84,84,E,07.08.2022,37.2
E85,85,E,07.08.2022,34.8
E86,86,E,07.08.2022,33.5
E87,87,E,07.08.2022,32.8
E88,88,E,07.08.2022,32.5
E89,89,E,07.08.2022,37.3
E90,90,E,07.08.2022,29.8
F91,91,F,07.08.2022,32.3
F92,92,F,07.08.2022,36.1
F93,93,F,07.08.2022,39.3
F94,94,F,07.08.2022,28.7
F95,95,F,07.08.2022,24.1
F96,96,F,07.08.2022,37
F97,97,F,07.08.2022,31.4
F98,98,F,07.08.2022,37.6
F99,99,F,07.08.2022,27.2
F100,100,F,07.08.2022,33.8
F101,101,F,07.08.2022,29.5
F102,102,F,07.08.2022,36.1
F103,103,F,07.08.2022,31.9
F104,104,F,07.08.2022,34.2
F105,105,F,07.08.2022,29.5
F106,106,F,07.08.2022,28.5
F107,107,F,07.08.2022,36.1
F108,108,F,07.08.2022,31.8
G109,109,G,07.08.2022,34.5
G110,110,G,07.08.2022,31.7
G111,111,G,07.08.2022,34.2
G112,112,G,07.08.2022,37.9
G113,113,G,07.08.2022,39
G114,114,G,07.08.2022,38.6
G115,115,G,07.08.2022,36.4
G116,116,G,07.08.2022,36.1
G117,117,G,07.08.2022,35.1
G118,118,G,07.08.2022,29.3
G119,119,G,07.08.2022,38.8
G120,120,G,07.08.2022,38.3
G121,121,G,07.08.2022,32.3
G122,122,G,07.08.2022,34.1
G123,123,G,07.08.2022,38.6
G124,124,G,07.08.2022,33.1
G125,125,G,07.08.2022,33.8
G126,126,G,07.08.2022,33.1
A01,1,A,07.08.2022,41.6
A02,2,A,07.08.2022,36.4
A03,3,A,07.08.2022,39.9
A04,4,A,07.08.2022,34.4
A05,5,A,07.08.2022,34.4
A06,6,A,07.08.2022,34.9
A07,7,A,07.08.2022,28.6
A08,8,A,07.08.2022,36.6
A09,9,A,07.08.2022,27.1
A10,10,A,07.08.2022,31.5
A11,11,A,07.08.2022,35.5
A12,12,A,07.08.2022,34.6
A13,13,A,07.08.2022,36.7
A14,14,A,07.08.2022,36
A15,15,A,07.08.2022,32.2
A16,16,A,07.08.2022,37.2
A17,17,A,07.08.2022,34.1
A18,18,A,07.08.2022,34.6
B19,19,B,07.08.2022,35.2
B20,20,B,07.08.2022,29
B21,21,B,07.08.2022,33.5
B22,22,B,07.08.2022,27.9
B23,23,B,07.08.2022,35.3
B24,24,B,07.08.2022,30.1
B25,25,B,07.08.2022,28.7
B26,26,B,07.08.2022,39.5
B27,27,B,07.08.2022,27
B28,28,B,07.08.2022,32.5
B29,29,B,07.08.2022,34.1
B30,30,B,07.08.2022,27.2
B31,31,B,07.08.2022,32.1
B32,32,B,07.08.2022,28.4
B33,33,B,07.08.2022,31.6
B34,34,B,07.08.2022,30.4
B35,35,B,07.08.2022,37.2
B36,36,B,07.08.2022,32.7
C37,37,C,07.08.2022,32.1
C38,38,C,07.08.2022,35
C39,39,C,07.08.2022,22.3
C40,40,C,07.08.2022,30.5
C41,41,C,07.08.2022,39.1
C42,42,C,07.08.2022,38.1
C43,43,C,07.08.2022,33.4
C44,44,C,07.08.2022,30.8
C45,45,C,07.08.2022,36.5
C46,46,C,07.08.2022,34.2
C47,47,C,07.08.2022,35.8
C48,48,C,07.08.2022,36
C49,49,C,07.08.2022,36.9
C50,50,C,07.08.2022,36.3
C51,51,C,07.08.2022,39.3
C52,52,C,07.08.2022,34.2
C53,53,C,07.08.2022,36.4
C54,54,C,07.08.2022,34.2
A05,5,A,07.09.2022,33.3
A07,7,A,07.09.2022,26.3
A08,8,A,07.09.2022,34.6
A09,9,A,07.09.2022,27.9
A10,10,A,07.09.2022,28.9
A11,11,A,07.09.2022,31.3
A12,12,A,07.09.2022,33.4
A16,16,A,07.09.2022,37.9
B20,20,B,07.09.2022,27.8
B21,21,B,07.09.2022,33.6
B23,23,B,07.09.2022,35.7
B24,24,B,07.09.2022,31.2
B25,25,B,07.09.2022,28
B28,28,B,07.09.2022,31.5
B30,30,B,07.09.2022,25.2
B31,31,B,07.09.2022,29.1
C39,39,C,07.09.2022,20.7
C40,40,C,07.09.2022,29.2
C44,44,C,07.09.2022,29.3
C47,47,C,07.09.2022,31.8
C50,50,C,07.09.2022,35.9
C52,52,C,07.09.2022,35.8
D56,56,D,07.09.2022,30.9
D61,61,D,07.09.2022,32.9
D62,62,D,07.09.2022,26
D64,64,D,07.09.2022,29
D66,65,D,07.09.2022,33.5
D68,68,D,07.09.2022,33.5
D69,69,D,07.09.2022,39.9
D71,71,D,07.09.2022,26.4
E75,75,E,07.09.2022,32.9
E77,77,E,07.09.2022,33.6
E79,79,E,07.09.2022,38.3
E82,82,E,07.09.2022,33.8
E83,83,E,07.09.2022,38
E84,84,E,07.09.2022,36.7
E90,90,E,07.09.2022,33.1
F97,97,F,07.09.2022,31.7
F98,98,F,07.09.2022,36.8
F100,100,F,07.09.2022,30.5
F102,102,F,07.09.2022,32.4
F103,103,F,07.09.2022,32
G112,112,G,07.09.2022,33.3
G113,113,G,07.09.2022,38.9
G115,115,G,07.09.2022,36.3
G117,117,G,07.09.2022,36.2
G121,121,G,07.09.2022,32.1
G124,124,G,07.09.2022,32.3
H127,127,H,07.09.2022,35.7
H131,131,H,07.09.2022,37.1
H132,132,H,07.09.2022,31
H133,133,H,07.09.2022,32.2
H136,136,H,07.09.2022,32.5
H137,137,H,07.09.2022,32.6
H138,138,H,07.09.2022,33.8
H139,139,H,07.09.2022,27.1
I147,147,I,07.09.2022,34
I148,148,I,07.09.2022,31.5
I152,152,I,07.09.2022,31.9
I154,154,I,07.09.2022,30.4
I155,155,I,07.09.2022,24.7
I158,158,I,07.09.2022,20.9
I159,159,I,07.09.2022,32.4
I161,161,I,07.09.2022,31.7
J163,163,J,07.09.2022,31.9
J164,164,J,07.09.2022,33.4
J166,166,J,07.09.2022,33.5
J169,169,J,07.09.2022,38.7
J172,172,J,07.09.2022,31.8
J173,173,J,07.09.2022,36.3
J175,175,J,07.09.2022,27.6
J178,178,J,07.09.2022,32.2
K181,181,K,07.09.2022,29.4
K184,184,K,07.09.2022,30.8
K186,186,K,07.09.2022,29
K189,189,K,07.09.2022,30
K194,194,K,07.09.2022,31.7
K197,197,K,07.09.2022,31
A02,2,A,07.09.2022,33.4
A03,3,A,07.09.2022,36.8
A04,4,A,07.09.2022,31.4
A06,6,A,07.09.2022,34
A13,13,A,07.09.2022,34.9
A14,14,A,07.09.2022,34.2
A17,17,A,07.09.2022,34.8
A18,18,A,07.09.2022,31.8
B22,22,B,07.09.2022,24.4
B26,26,B,07.09.2022,42.1
B29,29,B,07.09.2022,34.6
B32,32,B,07.09.2022,29.7
B33,33,B,07.09.2022,27.6
B36,36,B,07.09.2022,30.5
C37,37,C,07.09.2022,33.3
C42,42,C,07.09.2022,34.5
C45,45,C,07.09.2022,32.7
C46,46,C,07.09.2022,31.9
C48,48,C,07.09.2022,36.5
C49,49,C,07.09.2022,35
C51,51,C,07.09.2022,35.9
C54,54,C,07.09.2022,34.9
D55,55,D,07.09.2022,28.9
D58,58,D,07.09.2022,29.3
D59,59,D,07.09.2022,26.8
D63,63,D,07.09.2022,30.5
D70,70,D,07.09.2022,32.6
D72,72,D,07.09.2022,34.9
E73,73,E,07.09.2022,32.2
E74,74,E,07.09.2022,35
E76,76,E,07.09.2022,29.2
E80,80,E,07.09.2022,30
E85,85,E,07.09.2022,33.5
E86,86,E,07.09.2022,31.5
E87,87,E,07.09.2022,36.6
E88,88,E,07.09.2022,34.6
F91,91,F,07.09.2022,34.8
F93,93,F,07.09.2022,33.2
F94,94,F,07.09.2022,25.6
F95,95,F,07.09.2022,27.6
F99,99,F,07.09.2022,18.2
F101,101,F,07.09.2022,32.4
F105,105,F,07.09.2022,23.3
F106,106,F,07.09.2022,24.6
F108,108,F,07.09.2022,29.3
G109,109,G,07.09.2022,35.6
G110,110,G,07.09.2022,30.7
G118,118,G,07.09.2022,32.6
G120,120,G,07.09.2022,39.7
G122,122,G,07.09.2022,31.8
G123,123,G,07.09.2022,36.7
G125,125,G,07.09.2022,35.3
G126,126,G,07.09.2022,30.1
H128,128,H,07.09.2022,33.8
H130,130,H,07.09.2022,31
H134,134,H,07.09.2022,30.6
H135,135,H,07.09.2022,30.6
H140,140,H,07.09.2022,32.8
H142,142,H,07.09.2022,33.6
I145,145,I,07.09.2022,33.4
I153,153,I,07.09.2022,33.2
I156,156,I,07.09.2022,24.2
I157,157,I,07.09.2022,32.8
I160,160,I,07.09.2022,34.4
I162,162,I,07.09.2022,33.8
J165,165,J,07.09.2022,34.2
J168,168,J,07.09.2022,33
J170,170,J,07.09.2022,31.9
J171,171,J,07.09.2022,33.8
J177,177,J,07.09.2022,31.9
J179,179,J,07.09.2022,28.7
K182,182,K,07.09.2022,33.4
K183,183,K,07.09.2022,34.1
K190,190,K,07.09.2022,31.4
K191,191,K,07.09.2022,28.4
K195,195,K,07.09.2022,34.9
K196,196,K,07.09.2022,36.2
A01,1,A,07.09.2022,41.9
A15,15,A,07.09.2022,29.7
B19,19,B,07.09.2022,36
B27,27,B,07.09.2022,25.9
B34,34,B,07.09.2022,33.2
B35,35,B,07.09.2022,38
C38,38,C,07.09.2022,36.7
C41,41,C,07.09.2022,38.4
C43,43,C,07.09.2022,33
C53,53,C,07.09.2022,39.6
D57,57,D,07.09.2022,34.6
D60,60,D,07.09.2022,30.1
D66,66,D,07.09.2022,38.5
D67,67,D,07.09.2022,37.3
E78,78,E,07.09.2022,36.7
E81,81,E,07.09.2022,33.9
E89,89,E,07.09.2022,37.7
F92,92,F,07.09.2022,36.4
F96,96,F,07.09.2022,38
F104,104,F,07.09.2022,33.1
F107,107,F,07.09.2022,38.4
G111,111,G,07.09.2022,26.2
G114,114,G,07.09.2022,42
G116,116,G,07.09.2022,36.2
G119,119,G,07.09.2022,40
H129,129,H,07.09.2022,32.7
H141,141,H,07.09.2022,38.2
H143,143,H,07.09.2022,43.9
H144,144,H,07.09.2022,35.1
I146,146,I,07.09.2022,31.2
I149,149,I,07.09.2022,33.3
I150,150,I,07.09.2022,37.2
I151,151,I,07.09.2022,30.3
J167,167,J,07.09.2022,26.3
J174,174,J,07.09.2022,38.2
J176,176,J,07.09.2022,33.7
J180,180,J,07.09.2022,38.3
K185,185,K,07.09.2022,25.1
K187,187,K,07.09.2022,30.6
K188,188,K,07.09.2022,30.4
K192,192,K,07.09.2022,32
K193,193,K,07.09.2022,28.8
K198,198,K,07.09.2022,28
A08,8,A,19.09.2022,31.4
A09,9,A,19.09.2022,28.2
A10,10,A,19.09.2022,28.5
A11,11,A,19.09.2022,32.2
B23,23,B,19.09.2022,34.5
B28,28,B,19.09.2022,30.6
B30,30,B,19.09.2022,26.4
C39,39,C,19.09.2022,20.2
C40,40,C,19.09.2022,28.6
C47,47,C,19.09.2022,32.5
C50,50,C,19.09.2022,37.5
D61,61,D,19.09.2022,32.8
D64,64,D,19.09.2022,29.8
D65,65,D,19.09.2022,31.7
D68,68,D,19.09.2022,33.2
E77,77,E,19.09.2022,33.4
E83,83,E,19.09.2022,35.6
E84,84,E,19.09.2022,35.8
F98,98,F,19.09.2022,35
F100,100,F,19.09.2022,32
F103,103,F,19.09.2022,29.1
G112,112,G,19.09.2022,33.3
G113,113,G,19.09.2022,37.1
G115,115,G,19.09.2022,35.6
H127,127,H,19.09.2022,36.7
H131,131,H,19.09.2022,37.3
H133,133,H,19.09.2022,33.6
H137,137,H,19.09.2022,29.6
I147,147,I,19.09.2022,32.9
I152,152,I,19.09.2022,28.6
I158,158,I,19.09.2022,17.9
I161,161,I,19.09.2022,28.6
J164,164,J,19.09.2022,30.8
J166,166,J,19.09.2022,32.4
J169,169,J,19.09.2022,36.6
J178,178,J,19.09.2022,30.3
K181,181,K,19.09.2022,29.2
K184,184,K,19.09.2022,31.8
K189,189,K,19.09.2022,27.8
A04,4,A,19.09.2022,30.9
A13,13,A,19.09.2022,34.1
C45,45,C,19.09.2022,29.4
D55,55,D,19.09.2022,29.6
H140,140,H,19.09.2022,30.1
B32,32,B,19.09.2022,30.3
C49,49,C,19.09.2022,36.8
D72,72,D,19.09.2022,36.3
F93,93,F,19.09.2022,33.4
G125,125,G,19.09.2022,34.1
H128,128,H,19.09.2022,31.4
I156,156,I,19.09.2022,24.1
I162,162,I,19.09.2022,31.1
J170,170,J,19.09.2022,28.4
A02,2,A,19.09.2022,32
A03,3,A,19.09.2022,36
A06,6,A,19.09.2022,36
A14,14,A,19.09.2022,36.7
A17,17,A,19.09.2022,33.1
A18,18,A,19.09.2022,31.2
B22,22,B,19.09.2022,21.6
B26,26,B,19.09.2022,40.1
B29,29,B,19.09.2022,32.5
B33,33,B,19.09.2022,26.7
B36,36,B,19.09.2022,34.8
C37,37,C,19.09.2022,32
C42,42,C,19.09.2022,36.3
C46,46,C,19.09.2022,30.9
C48,48,C,19.09.2022,33.8
C51,51,C,19.09.2022,37
C54,54,C,19.09.2022,35.8
D58,58,D,19.09.2022,28.5
D59,59,D,19.09.2022,25.8
D63,63,D,19.09.2022,30.2
D70,70,D,19.09.2022,32.1
E73,73,E,19.09.2022,30.9
E74,74,E,19.09.2022,31.5
E76,76,E,19.09.2022,29.9
E80,80,E,19.09.2022,28.9
E85,85,E,19.09.2022,33.8
E86,86,E,19.09.2022,30.3
E87,87,E,19.09.2022,36
E88,88,E,19.09.2022,33.4
F91,91,F,19.09.2022,31.1
F94,94,F,19.09.2022,26.2
F95,95,F,19.09.2022,20.4
F97,97,F,19.09.2022,30.2
F99,99,F,19.09.2022,10.5
F101,101,F,19.09.2022,30.8
F105,105,F,19.09.2022,23.9
F106,106,F,19.09.2022,24.7
F108,108,F,19.09.2022,29.5
G110,110,G,19.09.2022,30.2
G118,118,G,19.09.2022,29.6
G120,120,G,19.09.2022,39.3
G122,122,G,19.09.2022,32.3
G123,123,G,19.09.2022,35.7
G126,126,G,19.09.2022,30.5
H130,130,H,19.09.2022,29.8
H134,134,H,19.09.2022,28.7
H135,135,H,19.09.2022,28.2
H142,142,H,19.09.2022,31.5
I145,145,I,19.09.2022,34.3
I153,153,I,19.09.2022,31.9
I157,157,I,19.09.2022,30.3
I160,160,I,19.09.2022,31.6
J165,165,J,19.09.2022,31.7
J168,168,J,19.09.2022,29.8
J171,171,J,19.09.2022,33.6
J177,177,J,19.09.2022,40.4
J179,179,J,19.09.2022,23.1
K182,182,K,19.09.2022,35.1
K183,183,K,19.09.2022,35
K190,190,K,19.09.2022,33.8
K191,191,K,19.09.2022,29.1
K195,195,K,19.09.2022,34.8
K196,196,K,19.09.2022,35.1
A01,1,A,19.09.2022,40.9
A05,5,A,19.09.2022,32.1
A07,7,A,19.09.2022,25.6
A12,12,A,19.09.2022,30.8
A15,15,A,19.09.2022,31
A16,16,A,19.09.2022,33.4
B19,19,B,19.09.2022,35.2
B20,20,B,19.09.2022,28.1
B21,21,B,19.09.2022,31.1
B24,24,B,19.09.2022,28.3
B25,25,B,19.09.2022,30.4
B27,27,B,19.09.2022,21.9
B31,31,B,19.09.2022,29.2
B34,34,B,19.09.2022,33.9
B35,35,B,19.09.2022,39.1
C38,38,C,19.09.2022,34.3
C41,41,C,19.09.2022,38.5
C43,43,C,19.09.2022,32.3
C44,44,C,19.09.2022,28.8
C52,52,C,19.09.2022,35.2
C53,53,C,19.09.2022,40.5
D56,56,D,19.09.2022,31.3
D57,57,D,19.09.2022,35.4
D60,60,D,19.09.2022,30.9
D62,62,D,19.09.2022,25.8
D66,66,D,19.09.2022,36.6
D67,67,D,19.09.2022,35.6
D69,69,D,19.09.2022,40.8
D71,71,D,19.09.2022,27.4
E75,75,E,19.09.2022,34.6
E78,78,E,19.09.2022,37
E79,79,E,19.09.2022,37.9
E81,81,E,19.09.2022,32.3
E82,82,E,19.09.2022,34.1
E89,89,E,19.09.2022,38.6
E90,90,E,19.09.2022,31.5
F92,92,F,19.09.2022,32.1
F96,96,F,19.09.2022,36.3
F102,102,F,19.09.2022,33.2
F104,104,F,19.09.2022,32.8
F107,107,F,19.09.2022,40
G109,109,G,19.09.2022,36
G111,111,G,19.09.2022,32.1
G114,114,G,19.09.2022,41.1
G116,116,G,19.09.2022,35.5
G117,117,G,19.09.2022,37
G119,119,G,19.09.2022,39.5
G121,121,G,19.09.2022,31.6
G124,124,G,19.09.2022,34.2
H129,129,H,19.09.2022,34.4
H132,132,H,19.09.2022,27.8
H136,136,H,19.09.2022,30.9
H138,138,H,19.09.2022,34.1
H139,139,H,19.09.2022,27.4
H141,141,H,19.09.2022,34.6
H143,143,H,19.09.2022,45.3
H144,144,H,19.09.2022,30.7
I146,146,I,19.09.2022,30.7
I148,148,I,19.09.2022,30.2
I149,149,I,19.09.2022,34.1
I150,150,I,19.09.2022,34.9
I151,151,I,19.09.2022,29.9
I154,154,I,19.09.2022,27.5
I155,155,I,19.09.2022,25.5
I159,159,I,19.09.2022,33.1
J163,163,J,19.09.2022,29.5
J167,167,J,19.09.2022,24
J172,172,J,19.09.2022,27.7
J173,173,J,19.09.2022,36.1
J174,174,J,19.09.2022,35.4
J175,175,J,19.09.2022,26.9
J176,176,J,19.09.2022,30.6
J180,180,J,19.09.2022,40.4
K185,185,K,19.09.2022,27.8
K186,186,K,19.09.2022,25.8
K187,187,K,19.09.2022,29.8
K188,188,K,19.09.2022,29
K192,192,K,19.09.2022,31.3
K193,193,K,19.09.2022,30.2
K194,194,K,19.09.2022,29.2
K197,197,K,19.09.2022,30.6
K198,198,K,19.09.2022,29.5
A08,8,A,04.10.2022,31.2
A09,9,A,04.10.2022,26.9
A10,10,A,04.10.2022,28.8
A11,11,A,04.10.2022,28.6
B23,23,B,04.10.2022,32.4
B28,28,B,04.10.2022,29.8
B30,30,B,04.10.2022,24.4
C39,39,C,04.10.2022,20.4
C40,40,C,04.10.2022,28.8
C47,47,C,04.10.2022,30.6
C50,50,C,04.10.2022,31.6
D61,61,D,04.10.2022,25.6
D64,64,D,04.10.2022,24.3
D65,65,D,04.10.2022,30.5
D68,68,D,04.10.2022,29.5
E77,77,E,04.10.2022,30.3
E83,83,E,04.10.2022,35.2
E84,84,E,04.10.2022,33.2
F98,98,F,04.10.2022,30.9
F100,100,F,04.10.2022,36.8
F103,103,F,04.10.2022,28.2
G112,112,G,04.10.2022,31
G113,113,G,04.10.2022,36.2
G115,115,G,04.10.2022,32.3
H127,127,H,04.10.2022,33.6
H131,131,H,04.10.2022,37
H133,133,H,04.10.2022,27.7
H137,137,H,04.10.2022,28.8
I147,147,I,04.10.2022,31.2
I152,152,I,04.10.2022,27.2
I158,158,I,04.10.2022,15
I161,161,I,04.10.2022,26.8
J164,164,J,04.10.2022,29.4
J166,166,J,04.10.2022,32.7
J169,169,J,04.10.2022,31.5
J178,178,J,04.10.2022,29.7
K181,181,K,04.10.2022,38.4
K184,184,K,04.10.2022,26.4
K189,189,K,04.10.2022,25.6
A02,2,A,04.10.2022,29.8
A03,3,A,04.10.2022,33.4
A04,4,A,04.10.2022,27.9
A06,6,A,04.10.2022,32.9
A13,13,A,04.10.2022,35.8
A17,17,A,04.10.2022,31.1
B22,22,B,04.10.2022,20.6
B26,26,B,04.10.2022,36.7
B32,32,B,04.10.2022,28.4
B33,33,B,04.10.2022,22.8
C42,42,C,04.10.2022,35
C45,45,C,04.10.2022,28.3
C46,46,C,04.10.2022,30.7
C48,48,C,04.10.2022,31.5
C49,49,C,04.10.2022,34.7
C54,54,C,04.10.2022,33.8
D55,55,D,04.10.2022,28.6
D58,58,D,04.10.2022,25.6
D59,59,D,04.10.2022,23.8
D63,63,D,04.10.2022,28.9
D72,72,D,04.10.2022,32.8
E73,73,E,04.10.2022,30.2
E76,76,E,04.10.2022,29.4
E80,80,E,04.10.2022,29.3
E85,85,E,04.10.2022,31.4
E86,86,E,04.10.2022,29.2
F93,93,F,04.10.2022,30.9
F94,94,F,04.10.2022,23.9
F101,101,F,04.10.2022,31.1
F105,105,F,04.10.2022,26.5
F106,106,F,04.10.2022,25.7
F108,108,F,04.10.2022,28.8
G110,110,G,04.10.2022,28.7
G122,122,G,04.10.2022,30
G123,123,G,04.10.2022,36.7
G125,125,G,04.10.2022,33.3
G126,126,G,04.10.2022,32.3
H128,128,H,04.10.2022,29.9
H130,130,H,04.10.2022,22.7
H135,135,H,04.10.2022,27.6
H140,140,H,04.10.2022,31
H142,142,H,04.10.2022,33.9
I153,153,I,04.10.2022,31.8
I156,156,I,04.10.2022,17.6
I157,157,I,04.10.2022,28.2
I160,160,I,04.10.2022,29.8
I162,162,I,04.10.2022,29.5
J165,165,J,04.10.2022,31.6
J170,170,J,04.10.2022,29.3
J173,173,J,04.10.2022,35.9
J177,177,J,04.10.2022,31.1
J179,179,J,04.10.2022,27.3
J180,180,J,04.10.2022,38.2
K182,182,K,04.10.2022,33.3
K183,183,K,04.10.2022,32.9
K190,190,K,04.10.2022,32.6
K191,191,K,04.10.2022,30.2
A01,1,A,04.10.2022,39.4
A05,5,A,04.10.2022,30.2
A07,7,A,04.10.2022,23.1
A12,12,A,04.10.2022,30.2
A14,14,A,04.10.2022,30.2
A15,15,A,04.10.2022,29.7
A16,16,A,04.10.2022,35.3
A18,18,A,04.10.2022,27.1
B19,19,B,04.10.2022,37.3
B20,20,B,04.10.2022,27.2
B21,21,B,04.10.2022,30.3
B24,24,B,04.10.2022,26.7
B25,25,B,04.10.2022,25
B27,27,B,04.10.2022,25.3
B29,29,B,04.10.2022,32.5
B31,31,B,04.10.2022,26.3
B34,34,B,04.10.2022,34.4
B35,35,B,04.10.2022,36.2
B36,36,B,04.10.2022,30
C37,37,C,04.10.2022,31.2
C38,38,C,04.10.2022,33.3
C41,41,C,04.10.2022,37.2
C43,43,C,04.10.2022,31.2
C44,44,C,04.10.2022,25.6
C51,51,C,04.10.2022,38.7
C52,52,C,04.10.2022,35
C53,53,C,04.10.2022,40.4
D56,56,D,04.10.2022,32.5
D57,57,D,04.10.2022,37.4
D60,60,D,04.10.2022,27.2
D62,62,D,04.10.2022,22.7
D66,66,D,04.10.2022,39.6
D67,67,D,04.10.2022,35.7
D69,69,D,04.10.2022,40.1
D70,70,D,04.10.2022,30.2
D71,71,D,04.10.2022,26.8
E74,74,E,04.10.2022,33.2
E75,75,E,04.10.2022,27.4
E78,78,E,04.10.2022,35.5
E79,79,E,04.10.2022,37.3
E81,81,E,04.10.2022,28.6
E82,82,E,04.10.2022,33.2
E87,87,E,04.10.2022,34.7
E88,88,E,04.10.2022,33.5
E89,89,E,04.10.2022,36.9
E90,90,E,04.10.2022,28.4
F91,91,F,04.10.2022,29
F92,92,F,04.10.2022,38.3
F95,95,F,04.10.2022,24.9
F96,96,F,04.10.2022,36.7
F97,97,F,04.10.2022,28.4
F99,99,F,04.10.2022,0
F102,102,F,04.10.2022,31.2
F104,104,F,04.10.2022,31.1
F107,107,F,04.10.2022,38.6
G109,109,G,04.10.2022,38.5
G111,111,G,04.10.2022,26.7
G114,114,G,04.10.2022,40.1
G116,116,G,04.10.2022,35.9
G117,117,G,04.10.2022,31.5
G118,118,G,04.10.2022,27.8
G119,119,G,04.10.2022,38.1
G120,120,G,04.10.2022,40.1
G121,121,G,04.10.2022,32.6
G124,124,G,04.10.2022,31
H129,129,H,04.10.2022,36
H132,132,H,04.10.2022,26
H134,134,H,04.10.2022,28.7
H136,136,H,04.10.2022,29.1
H138,138,H,04.10.2022,32.6
H139,139,H,04.10.2022,25.6
H141,141,H,04.10.2022,34.6
H143,143,H,04.10.2022,43.3
H144,144,H,04.10.2022,31.9
I145,145,I,04.10.2022,31.3
I146,146,I,04.10.2022,34.3
I148,148,I,04.10.2022,28.6
I149,149,I,04.10.2022,29
I150,150,I,04.10.2022,33.2
I151,151,I,04.10.2022,30.2
I154,154,I,04.10.2022,23.7
I155,155,I,04.10.2022,24.1
I159,159,I,04.10.2022,24.1
J163,163,J,04.10.2022,29.3
J167,167,J,04.10.2022,25.5
J168,168,J,04.10.2022,30.5
J171,171,J,04.10.2022,33.2
J172,172,J,04.10.2022,27.2
J174,174,J,04.10.2022,38
J175,175,J,04.10.2022,26.1
J176,176,J,04.10.2022,31.3
K185,185,K,04.10.2022,27.2
K186,186,K,04.10.2022,20.6
K187,187,K,04.10.2022,31.2
K188,188,K,04.10.2022,30.2
K192,192,K,04.10.2022,31.3
K193,193,K,04.10.2022,25.5
K194,194,K,04.10.2022,30.5
K195,195,K,04.10.2022,32.1
K196,196,K,04.10.2022,32.8
K197,197,K,04.10.2022,27.7
K198,198,K,04.10.2022,28.8
A02,2,A,13.10.2022,25.3
A03,3,A,13.10.2022,31.8
A04,4,A,13.10.2022,25.1
A08,8,A,13.10.2022,29.1
A09,9,A,13.10.2022,26.5
A10,10,A,13.10.2022,28.2
A11,11,A,13.10.2022,30.8
A13,13,A,13.10.2022,34.2
B22,22,B,13.10.2022,16.3
B23,23,B,13.10.2022,29.2
B26,26,B,13.10.2022,36.2
B28,28,B,13.10.2022,33.1
B30,30,B,13.10.2022,24.2
B32,32,B,13.10.2022,29.7
C39,39,C,13.10.2022,15.9
C40,40,C,13.10.2022,25
C42,42,C,13.10.2022,29.6
C45,45,C,13.10.2022,29.8
C46,46,C,13.10.2022,29.5
C47,47,C,13.10.2022,31.5
C49,49,C,13.10.2022,35.1
C50,50,C,13.10.2022,32.6
D55,55,D,13.10.2022,28.1
D58,58,D,13.10.2022,22.1
D61,61,D,13.10.2022,27.1
D63,63,D,13.10.2022,28.8
D64,64,D,13.10.2022,24.6
D65,65,D,13.10.2022,28.8
D68,68,D,13.10.2022,30.9
D72,72,D,13.10.2022,31.6
E76,76,E,13.10.2022,31.8
E77,77,E,13.10.2022,31.3
E83,83,E,13.10.2022,31.3
E84,84,E,13.10.2022,32.1
E85,85,E,13.10.2022,31
E86,86,E,13.10.2022,28.2
F93,93,F,13.10.2022,29.7
F94,94,F,13.10.2022,22.5
F98,98,F,13.10.2022,30.3
F100,100,F,13.10.2022,32.2
F103,103,F,13.10.2022,31.1
F105,105,F,13.10.2022,21.5
F106,106,F,13.10.2022,22.6
G110,110,G,13.10.2022,25.5
G112,112,G,13.10.2022,31.9
G113,113,G,13.10.2022,39.7
G115,115,G,13.10.2022,34.2
G125,125,G,13.10.2022,33.9
G126,126,G,13.10.2022,30.7
H127,127,H,13.10.2022,35.2
H128,128,H,13.10.2022,27.5
H130,130,H,13.10.2022,21.9
H131,131,H,13.10.2022,33.9
H133,133,H,13.10.2022,30.3
H135,135,H,13.10.2022,25.9
H137,137,H,13.10.2022,28.7
H140,140,H,13.10.2022,28.9
I147,147,I,13.10.2022,31
I152,152,I,13.10.2022,27.3
I153,153,I,13.10.2022,38.3
I156,156,I,13.10.2022,15.7
I157,157,I,13.10.2022,25.1
I158,158,I,13.10.2022,14.8
I161,161,I,13.10.2022,26
I162,162,I,13.10.2022,28
J164,164,J,13.10.2022,31.6
J165,165,J,13.10.2022,26.8
J166,166,J,13.10.2022,32.6
J169,169,J,13.10.2022,35.2
J170,170,J,13.10.2022,24.4
J178,178,J,13.10.2022,30.1
K181,181,K,13.10.2022,28.8
K182,182,K,13.10.2022,30.4
K184,184,K,13.10.2022,27.2
K189,189,K,13.10.2022,29.4
K190,190,K,13.10.2022,36.6
K191,191,K,13.10.2022,23.5
A06,6,A,13.10.2022,32.6
A07,7,A,13.10.2022,19.6
A12,12,A,13.10.2022,31.4
A14,14,A,13.10.2022,35.1
A17,17,A,13.10.2022,30.4
A18,18,A,13.10.2022,24.4
B20,20,B,13.10.2022,22.9
B25,25,B,13.10.2022,21.4
B29,29,B,13.10.2022,33.3
B31,31,B,13.10.2022,26.5
B33,33,B,13.10.2022,20.5
B36,36,B,13.10.2022,28.2
C37,37,C,13.10.2022,31
C48,48,C,13.10.2022,31.1
C51,51,C,13.10.2022,39.3
C54,54,C,13.10.2022,30.5
D56,56,D,13.10.2022,29.5
D59,59,D,13.10.2022,23.4
D70,70,D,13.10.2022,28.2
D71,71,D,13.10.2022,24.3
E73,73,E,13.10.2022,26.4
E74,74,E,13.10.2022,28.2
E79,79,E,13.10.2022,35.4
E80,80,E,13.10.2022,26.2
E87,87,E,13.10.2022,31.7
E88,88,E,13.10.2022,30
E90,90,E,13.10.2022,28.6
F91,91,F,13.10.2022,29.9
F95,95,F,13.10.2022,26.9
F99,99,F,13.10.2022,0
F101,101,F,13.10.2022,30.9
F102,102,F,13.10.2022,31.8
F108,108,F,13.10.2022,28.8
G118,118,G,13.10.2022,28.1
G120,120,G,13.10.2022,38.6
G121,121,G,13.10.2022,30.7
G122,122,G,13.10.2022,29.2
G123,123,G,13.10.2022,36.3
G124,124,G,13.10.2022,30.7
H134,134,H,13.10.2022,28.2
H136,136,H,13.10.2022,27.3
H139,139,H,13.10.2022,24.2
H142,142,H,13.10.2022,29.4
I145,145,I,13.10.2022,32
I154,154,I,13.10.2022,21
I155,155,I,13.10.2022,21.9
I160,160,I,13.10.2022,25.6
J163,163,J,13.10.2022,31.3
J168,168,J,13.10.2022,28.3
J171,171,J,13.10.2022,32.5
J172,172,J,13.10.2022,26
J177,177,J,13.10.2022,29.5
J179,179,J,13.10.2022,25.3
K183,183,K,13.10.2022,32.8
K186,186,K,13.10.2022,22
K195,195,K,13.10.2022,32.6
K196,196,K,13.10.2022,32.6
K197,197,K,13.10.2022,28.6
A01,1,A,13.10.2022,37.1
A05,5,A,13.10.2022,28.2
A15,15,A,13.10.2022,28.5
A16,16,A,13.10.2022,33.2
B19,19,B,13.10.2022,34.1
B21,21,B,13.10.2022,26.7
B24,24,B,13.10.2022,26.7
B27,27,B,13.10.2022,18.2
B34,34,B,13.10.2022,30.7
B35,35,B,13.10.2022,32.6
C38,38,C,13.10.2022,34.6
C41,41,C,13.10.2022,34.2
C43,43,C,13.10.2022,29.3
C44,44,C,13.10.2022,25.9
C52,52,C,13.10.2022,32.6
C53,53,C,13.10.2022,36.5
D57,57,D,13.10.2022,32.7
D60,60,D,13.10.2022,25.9
D62,62,D,13.10.2022,21.7
D66,66,D,13.10.2022,37.2
D67,67,D,13.10.2022,33.7
D69,69,D,13.10.2022,36.6
E75,75,E,13.10.2022,20.4
E78,78,E,13.10.2022,35.2
E81,81,E,13.10.2022,27.6
E82,82,E,13.10.2022,32.5
E89,89,E,13.10.2022,33
F92,92,F,13.10.2022,33.9
F96,96,F,13.10.2022,35.8
F97,97,F,13.10.2022,27.8
F104,104,F,13.10.2022,30.9
F107,107,F,13.10.2022,40.4
G109,109,G,13.10.2022,28.2
G111,111,G,13.10.2022,24.2
G114,114,G,13.10.2022,37.9
G116,116,G,13.10.2022,30
G117,117,G,13.10.2022,33.9
G119,119,G,13.10.2022,37.7
H129,129,H,13.10.2022,32.3
H132,132,H,13.10.2022,22.5
H138,138,H,13.10.2022,30.1
H141,141,H,13.10.2022,34.4
H143,143,H,13.10.2022,44
H144,144,H,13.10.2022,29.3
I146,146,I,13.10.2022,27.5
I148,148,I,13.10.2022,25.3
I149,149,I,13.10.2022,26.3
I150,150,I,13.10.2022,27.7
I151,151,I,13.10.2022,24.8
I159,159,I,13.10.2022,23.8
J167,167,J,13.10.2022,19.8
J173,173,J,13.10.2022,31.1
J174,174,J,13.10.2022,32.9
J175,175,J,13.10.2022,21.6
J176,176,J,13.10.2022,28.9
J180,180,J,13.10.2022,37.1
K185,185,K,13.10.2022,28.3
K187,187,K,13.10.2022,26.3
K188,188,K,13.10.2022,26.7
K192,192,K,13.10.2022,26
K193,193,K,13.10.2022,25.5
K194,194,K,13.10.2022,25.3
K198,198,K,13.10.2022,22
A01,1,A,26.10.2022,34.3
A05,5,A,26.10.2022,27.1
A07,7,A,26.10.2022,23.2
A08,8,A,26.10.2022,26
A09,9,A,26.10.2022,22.3
A10,10,A,26.10.2022,26.6
A11,11,A,26.10.2022,26.3
A12,12,A,26.10.2022,31.1
A15,15,A,26.10.2022,29.6
A16,16,A,26.10.2022,31.2
B19,19,B,26.10.2022,32.9
B20,20,B,26.10.2022,21.4
B21,21,B,26.10.2022,24.6
B23,23,B,26.10.2022,29.5
B24,24,B,26.10.2022,24.1
B25,25,B,26.10.2022,25.6
B27,27,B,26.10.2022,20.3
B28,28,B,26.10.2022,28.9
B30,30,B,26.10.2022,24.5
B31,31,B,26.10.2022,24.8
B34,34,B,26.10.2022,31.2
B35,35,B,26.10.2022,34.5
C38,38,C,26.10.2022,30.4
C39,39,C,26.10.2022,15.4
C40,40,C,26.10.2022,24.1
C41,41,C,26.10.2022,34.4
C43,43,C,26.10.2022,28.7
C44,44,C,26.10.2022,22.7
C47,47,C,26.10.2022,28
C50,50,C,26.10.2022,33.2
C52,52,C,26.10.2022,35
C53,53,C,26.10.2022,25.7
D56,56,D,26.10.2022,29.2
D57,57,D,26.10.2022,31.2
D60,60,D,26.10.2022,27.2
D61,61,D,26.10.2022,23.5
D62,62,D,26.10.2022,20.6
D64,64,D,26.10.2022,23.6
D65,65,D,26.10.2022,28.6
D66,66,D,26.10.2022,37.9
D67,67,D,26.10.2022,34.8
D68,68,D,26.10.2022,27.8
D69,69,D,26.10.2022,39.7
D71,71,D,26.10.2022,25.4
E75,75,E,26.10.2022,24.2
E77,77,E,26.10.2022,26.9
E78,78,E,26.10.2022,35.8
E79,79,E,26.10.2022,36.6
E81,81,E,26.10.2022,28.2
E82,82,E,26.10.2022,33.6
E83,83,E,26.10.2022,31.8
E84,84,E,26.10.2022,28.1
E89,89,E,26.10.2022,35.1
E90,90,E,26.10.2022,31
F92,92,F,26.10.2022,34.7
F96,96,F,26.10.2022,34.3
F97,97,F,26.10.2022,29.3
F98,98,F,26.10.2022,31.4
F100,100,F,26.10.2022,27.6
F102,102,F,26.10.2022,32
F103,103,F,26.10.2022,25.6
F104,104,F,26.10.2022,28.6
F107,107,F,26.10.2022,39.7
G109,109,G,26.10.2022,33.8
G111,111,G,26.10.2022,25
G112,112,G,26.10.2022,29.3
G113,113,G,26.10.2022,35.6
G114,114,G,26.10.2022,36.6
G115,115,G,26.10.2022,32.7
G116,116,G,26.10.2022,33.1
G117,117,G,26.10.2022,37.7
G119,119,G,26.10.2022,38.9
G121,121,G,26.10.2022,30
G124,124,G,26.10.2022,28.8
H127,127,H,26.10.2022,32.8
H129,129,H,26.10.2022,30.3
H131,131,H,26.10.2022,26.6
H132,132,H,26.10.2022,17.2
H133,133,H,26.10.2022,26.2
H136,136,H,26.10.2022,26.1
H137,137,H,26.10.2022,24.2
H138,138,H,26.10.2022,31.4
H139,139,H,26.10.2022,22.3
H141,141,H,26.10.2022,34.1
H143,143,H,26.10.2022,41.3
H144,144,H,26.10.2022,25.3
I146,146,I,26.10.2022,30.3
I147,147,I,26.10.2022,23
I148,148,I,26.10.2022,26.8
I149,149,I,26.10.2022,24.2
I150,150,I,26.10.2022,30.1
I151,151,I,26.10.2022,19.7
I152,152,I,26.10.2022,21.9
I154,154,I,26.10.2022,21.6
I155,155,I,26.10.2022,20
I158,158,I,26.10.2022,8.6
I159,159,I,26.10.2022,19.7
I161,161,I,26.10.2022,22.4
J163,163,J,26.10.2022,29.9
J164,164,J,26.10.2022,29.2
J166,166,J,26.10.2022,29.7
J167,167,J,26.10.2022,19.6
J169,169,J,26.10.2022,28.3
J172,172,J,26.10.2022,23.7
J173,173,J,26.10.2022,33.2
J174,174,J,26.10.2022,34.9
J175,175,J,26.10.2022,24.9
J176,176,J,26.10.2022,24.7
J178,178,J,26.10.2022,24.4
J180,180,J,26.10.2022,38
K181,181,K,26.10.2022,23.7
K184,184,K,26.10.2022,26.9
K185,185,K,26.10.2022,25.1
K186,186,K,26.10.2022,16
K187,187,K,26.10.2022,23.9
K188,188,K,26.10.2022,28.1
K189,189,K,26.10.2022,23.3
K192,192,K,26.10.2022,25.5
K193,193,K,26.10.2022,24.5
K194,194,K,26.10.2022,24.8
K197,197,K,26.10.2022,28
K198,198,K,26.10.2022,22.1
A02,2,A,26.10.2022,20.3
A03,3,A,26.10.2022,29.1
A04,4,A,26.10.2022,17.7
A06,6,A,26.10.2022,28.9
A13,13,A,26.10.2022,33.8
A14,14,A,26.10.2022,32.1
A17,17,A,26.10.2022,29.1
A18,18,A,26.10.2022,18.7
B22,22,B,26.10.2022,18
B26,26,B,26.10.2022,34.6
B29,29,B,26.10.2022,30.5
B32,32,B,26.10.2022,25.2
B33,33,B,26.10.2022,20.7
B36,36,B,26.10.2022,29.8
C37,37,C,26.10.2022,29.2
C42,42,C,26.10.2022,31.3
C45,45,C,26.10.2022,27.7
C46,46,C,26.10.2022,26.7
C48,48,C,26.10.2022,27.8
C49,49,C,26.10.2022,30.5
C51,51,C,26.10.2022,38.4
C54,54,C,26.10.2022,27.9
D55,55,D,26.10.2022,25.5
D58,58,D,26.10.2022,15.5
D59,59,D,26.10.2022,20.6
D63,63,D,26.10.2022,26.9
D70,70,D,26.10.2022,27
D72,72,D,26.10.2022,23.7
E73,73,E,26.10.2022,28
E74,74,E,26.10.2022,25
E76,76,E,26.10.2022,27.9
E80,80,E,26.10.2022,26.9
E85,85,E,26.10.2022,27.1
E86,86,E,26.10.2022,22.9
E87,87,E,26.10.2022,29.7
E88,88,E,26.10.2022,31.7
F91,91,F,26.10.2022,28.1
F93,93,F,26.10.2022,26.1
F94,94,F,26.10.2022,20.8
F95,95,F,26.10.2022,21.5
F99,99,F,26.10.2022,0
F101,101,F,26.10.2022,29.8
F105,105,F,26.10.2022,20.4
F106,106,F,26.10.2022,22.8
F108,108,F,26.10.2022,30
G110,110,G,26.10.2022,24.2
G118,118,G,26.10.2022,27.3
G120,120,G,26.10.2022,36.8
G122,122,G,26.10.2022,29.1
G123,123,G,26.10.2022,31.2
G125,125,G,26.10.2022,32
G126,126,G,26.10.2022,31.1
H128,128,H,26.10.2022,26
H130,130,H,26.10.2022,17.7
H134,134,H,26.10.2022,26.2
H135,135,H,26.10.2022,25.7
H140,140,H,26.10.2022,26.8
H142,142,H,26.10.2022,28
I145,145,I,26.10.2022,30.2
I153,153,I,26.10.2022,31.1
I156,156,I,26.10.2022,6.3
I157,157,I,26.10.2022,18.2
I160,160,I,26.10.2022,25.7
I162,162,I,26.10.2022,23.3
J165,165,J,26.10.2022,22.2
J168,168,J,26.10.2022,29.1
J170,170,J,26.10.2022,25.3
J171,171,J,26.10.2022,28.5
J177,177,J,26.10.2022,27.1
J179,179,J,26.10.2022,19
K182,182,K,26.10.2022,26.3
K183,183,K,26.10.2022,29.8
K190,190,K,26.10.2022,32.9
K191,191,K,26.10.2022,23.3
K195,195,K,26.10.2022,30.5
K196,196,K,26.10.2022,31.8
A02,2,A,08.11.2022,12.2
A03,3,A,08.11.2022,17.3
A04,4,A,08.11.2022,13
A13,13,A,08.11.2022,29.7
B22,22,B,08.11.2022,14.7
B26,26,B,08.11.2022,28.4
B32,32,B,08.11.2022,19.7
C42,42,C,08.11.2022,24.3
C45,45,C,08.11.2022,19
C46,46,C,08.11.2022,26
C49,49,C,08.11.2022,25.9
D55,55,D,08.11.2022,17
D58,58,D,08.11.2022,14.7
D63,63,D,08.11.2022,24.2
D72,72,D,08.11.2022,18.7
E76,76,E,08.11.2022,25.6
E85,85,E,08.11.2022,27.7
E86,86,E,08.11.2022,18.5
F93,93,F,08.11.2022,14.5
F94,94,F,08.11.2022,16.3
F105,105,F,08.11.2022,17.3
F106,106,F,08.11.2022,18.2
G110,110,G,08.11.2022,23.5
G125,125,G,08.11.2022,27.4
G126,126,G,08.11.2022,27.1
H128,128,H,08.11.2022,23.5
H130,130,H,08.11.2022,11.8
H135,135,H,08.11.2022,23.9
H140,140,H,08.11.2022,21
I153,153,I,08.11.2022,22.1
I156,156,I,08.11.2022,8
I157,157,I,08.11.2022,13.9
I162,162,I,08.11.2022,21
J165,165,J,08.11.2022,16.3
J170,170,J,08.11.2022,20
K182,182,K,08.11.2022,21.6
K190,190,K,08.11.2022,30.3
K191,191,K,08.11.2022,22.2
A06,6,A,08.11.2022,24.3
A08,8,A,08.11.2022,20.4
A09,9,A,08.11.2022,19.9
A10,10,A,08.11.2022,19.5
A11,11,A,08.11.2022,26.2
A14,14,A,08.11.2022,27.7
A17,17,A,08.11.2022,28
A18,18,A,08.11.2022,16.3
B23,23,B,08.11.2022,24.1
B28,28,B,08.11.2022,21.5
B29,29,B,08.11.2022,28.2
B30,30,B,08.11.2022,22.2
B33,33,B,08.11.2022,17.3
B36,36,B,08.11.2022,24.6
C37,37,C,08.11.2022,22.2
C39,39,C,08.11.2022,12.8
C40,40,C,08.11.2022,14.9
C47,47,C,08.11.2022,17.9
C48,48,C,08.11.2022,29.1
C50,50,C,08.11.2022,24
C51,51,C,08.11.2022,33.6
C54,54,C,08.11.2022,26
D59,59,D,08.11.2022,19.6
D61,61,D,08.11.2022,16.2
D64,64,D,08.11.2022,18.6
D65,65,D,08.11.2022,23.3
D68,68,D,08.11.2022,22.3
D70,70,D,08.11.2022,24
E73,73,E,08.11.2022,22.3
E74,74,E,08.11.2022,21.2
E77,77,E,08.11.2022,24.2
E80,80,E,08.11.2022,20.8
E83,83,E,08.11.2022,43.8
E84,84,E,08.11.2022,23.2
E87,87,E,08.11.2022,19
E88,88,E,08.11.2022,25.5
F91,91,F,08.11.2022,26.3
F95,95,F,08.11.2022,22.1
F98,98,F,08.11.2022,22.4
F99,99,F,08.11.2022,0
F100,100,F,08.11.2022,25.2
F101,101,F,08.11.2022,26.7
F103,103,F,08.11.2022,20.3
F108,108,F,08.11.2022,25.9
G112,112,G,08.11.2022,21.6
G113,113,G,08.11.2022,31.6
G115,115,G,08.11.2022,26.4
G118,118,G,08.11.2022,24.8
G120,120,G,08.11.2022,35.4
G122,122,G,08.11.2022,23
G123,123,G,08.11.2022,27.4
H127,127,H,08.11.2022,26.5
H131,131,H,08.11.2022,29
H133,133,H,08.11.2022,21.3
H134,134,H,08.11.2022,20.6
H137,137,H,08.11.2022,19.9
H142,142,H,08.11.2022,25.1
I145,145,I,08.11.2022,25.7
I147,147,I,08.11.2022,23.4
I152,152,I,08.11.2022,17.6
I158,158,I,08.11.2022,7.4
I160,160,I,08.11.2022,19
I161,161,I,08.11.2022,13.5
J164,164,J,08.11.2022,21.9
J166,166,J,08.11.2022,26.8
J168,168,J,08.11.2022,23
J169,169,J,08.11.2022,23.4
J171,171,J,08.11.2022,28.7
J177,177,J,08.11.2022,23.9
J178,178,J,08.11.2022,20.7
J179,179,J,08.11.2022,13.4
K181,181,K,08.11.2022,22.3
K183,183,K,08.11.2022,23.7
K184,184,K,08.11.2022,22.6
K189,189,K,08.11.2022,21.9
K195,195,K,08.11.2022,23.8
K196,196,K,08.11.2022,24.4
A01,1,A,08.11.2022,33.5
A05,5,A,08.11.2022,25.6
A07,7,A,08.11.2022,11.8
A12,12,A,08.11.2022,24.9
A15,15,A,08.11.2022,21.8
A16,16,A,08.11.2022,18.7
B19,19,B,08.11.2022,24
B20,20,B,08.11.2022,10.2
B21,21,B,08.11.2022,20.7
B24,24,B,08.11.2022,18.9
B25,25,B,08.11.2022,15.5
B27,27,B,08.11.2022,13.1
B31,31,B,08.11.2022,16.2
B34,34,B,08.11.2022,23.7
B35,35,B,08.11.2022,23.7
C38,38,C,08.11.2022,22
C41,41,C,08.11.2022,26.2
C43,43,C,08.11.2022,20.4
C44,44,C,08.11.2022,20.9
C52,52,C,08.11.2022,29.5
C53,53,C,08.11.2022,35.8
D56,56,D,08.11.2022,17.2
D57,57,D,08.11.2022,22
D60,60,D,08.11.2022,22.9
D62,62,D,08.11.2022,11.9
D66,66,D,08.11.2022,33.9
D67,67,D,08.11.2022,23
D69,69,D,08.11.2022,34.5
D71,71,D,08.11.2022,18.8
E75,75,E,08.11.2022,23.8
E78,78,E,08.11.2022,29.9
E79,79,E,08.11.2022,32.5
E81,81,E,08.11.2022,17.7
E82,82,E,08.11.2022,26
E89,89,E,08.11.2022,30.6
E90,90,E,08.11.2022,22.1
F92,92,F,08.11.2022,28.2
F96,96,F,08.11.2022,31.6
F97,97,F,08.11.2022,25
F102,102,F,08.11.2022,22.6
F104,104,F,08.11.2022,21.2
F107,107,F,08.11.2022,36.5
G109,109,G,08.11.2022,26.9
G111,111,G,08.11.2022,18.4
G114,114,G,08.11.2022,30.5
G116,116,G,08.11.2022,29.3
G117,117,G,08.11.2022,29
G119,119,G,08.11.2022,35.2
G121,121,G,08.11.2022,26.3
G124,124,G,08.11.2022,14.6
H129,129,H,08.11.2022,27.1
H132,132,H,08.11.2022,15.3
H136,136,H,08.11.2022,14.6
H138,138,H,08.11.2022,21.1
H139,139,H,08.11.2022,17.2
H141,141,H,08.11.2022,29.3
H143,143,H,08.11.2022,31.1
H144,144,H,08.11.2022,17.9
I146,146,I,08.11.2022,23.7
I148,148,I,08.11.2022,23.6
I149,149,I,08.11.2022,18.4
I150,150,I,08.11.2022,21.4
I151,151,I,08.11.2022,15.3
I154,154,I,08.11.2022,13.2
I155,155,I,08.11.2022,12.4
I159,159,I,08.11.2022,15.2
J163,163,J,08.11.2022,20
J167,167,J,08.11.2022,16
J172,172,J,08.11.2022,18.3
J173,173,J,08.11.2022,20.3
J174,174,J,08.11.2022,30
J175,175,J,08.11.2022,21.2
J176,176,J,08.11.2022,21.9
J180,180,J,08.11.2022,24
K185,185,K,08.11.2022,21.8
K186,186,K,08.11.2022,11.8
K187,187,K,08.11.2022,20.7
K188,188,K,08.11.2022,20.5
K192,192,K,08.11.2022,20.9
K193,193,K,08.11.2022,17.9
K194,194,K,08.11.2022,19.1
K197,197,K,08.11.2022,19.3
K198,198,K,08.11.2022,20.8
A02,2,A,19.11.2022,2.9
A03,3,A,19.11.2022,15
A08,8,A,19.11.2022,11.5
A09,9,A,19.11.2022,7.4
A10,10,A,19.11.2022,6.1
A11,11,A,19.11.2022,21.7
B22,22,B,19.11.2022,0
B23,23,B,19.11.2022,13.5
B26,26,B,19.11.2022,17.3
B28,28,B,19.11.2022,16.5
B30,30,B,19.11.2022,15.2
C39,39,C,19.11.2022,8.5
C40,40,C,19.11.2022,8.3
C42,42,C,19.11.2022,8
C47,47,C,19.11.2022,11.2
C50,50,C,19.11.2022,8.9
D58,58,D,19.11.2022,0.8
D61,61,D,19.11.2022,8.2
D63,63,D,19.11.2022,18.2
D64,64,D,19.11.2022,12.5
D65,65,D,19.11.2022,15.7
D68,68,D,19.11.2022,17.3
E77,77,E,19.11.2022,14.8
E83,83,E,19.11.2022,18.4
E84,84,E,19.11.2022,10.1
E86,86,E,19.11.2022,0.9
F94,94,F,19.11.2022,6.4
F98,98,F,19.11.2022,15.3
F100,100,F,19.11.2022,10.9
F103,103,F,19.11.2022,8.9
F106,106,F,19.11.2022,9.5
G110,110,G,19.11.2022,14.8
G112,112,G,19.11.2022,2.6
G113,113,G,19.11.2022,26.6
G115,115,G,19.11.2022,16.1
G126,126,G,19.11.2022,18.2
H127,127,H,19.11.2022,16.1
H130,130,H,19.11.2022,5.1
H131,131,H,19.11.2022,21.2
H133,133,H,19.11.2022,13.5
H135,135,H,19.11.2022,5.5
H137,137,H,19.11.2022,12.4
I147,147,I,19.11.2022,8.7
I152,152,I,19.11.2022,15.1
I153,153,I,19.11.2022,14.7
I157,157,I,19.11.2022,12.3
I158,158,I,19.11.2022,8.1
I161,161,I,19.11.2022,4.4
J164,164,J,19.11.2022,11.8
J165,165,J,19.11.2022,1.9
J166,166,J,19.11.2022,23
J169,169,J,19.11.2022,9.6
J178,178,J,19.11.2022,7.8
K181,181,K,19.11.2022,8.9
K182,182,K,19.11.2022,9.3
K184,184,K,19.11.2022,16.6
K189,189,K,19.11.2022,13.8
K191,191,K,19.11.2022,14.4
A04,4,A,19.11.2022,2.4
A05,5,A,19.11.2022,18.8
A06,6,A,19.11.2022,7.6
A07,7,A,19.11.2022,8
A12,12,A,19.11.2022,17.2
A13,13,A,19.11.2022,22.3
A14,14,A,19.11.2022,12.1
A16,16,A,19.11.2022,8.4
A17,17,A,19.11.2022,10.6
A18,18,A,19.11.2022,12.3
B20,20,B,19.11.2022,4.6
B21,21,B,19.11.2022,12.2
B24,24,B,19.11.2022,12.2
B25,25,B,19.11.2022,11.5
B29,29,B,19.11.2022,19.5
B31,31,B,19.11.2022,2.7
B32,32,B,19.11.2022,10.1
B33,33,B,19.11.2022,8.7
B36,36,B,19.11.2022,16
C37,37,C,19.11.2022,7.4
C44,44,C,19.11.2022,16.3
C45,45,C,19.11.2022,10.1
C46,46,C,19.11.2022,13.6
C48,48,C,19.11.2022,16.2
C49,49,C,19.11.2022,14.9
C51,51,C,19.11.2022,27.8
C52,52,C,19.11.2022,26.8
C54,54,C,19.11.2022,17.9
D55,55,D,19.11.2022,10.5
D56,56,D,19.11.2022,8.6
D59,59,D,19.11.2022,16.7
D62,62,D,19.11.2022,6.3
D69,69,D,19.11.2022,25.2
D70,70,D,19.11.2022,7.9
D71,71,D,19.11.2022,8.5
D72,72,D,19.11.2022,4.6
E73,73,E,19.11.2022,8.1
E74,74,E,19.11.2022,5.6
E75,75,E,19.11.2022,13.1
E76,76,E,19.11.2022,22.5
E79,79,E,19.11.2022,27.4
E80,80,E,19.11.2022,6.6
E82,82,E,19.11.2022,17.3
E85,85,E,19.11.2022,12.4
E87,87,E,19.11.2022,3.5
E88,88,E,19.11.2022,22.1
E90,90,E,19.11.2022,16.3
F91,91,F,19.11.2022,17.1
F93,93,F,19.11.2022,2.3
F95,95,F,19.11.2022,14.8
F97,97,F,19.11.2022,19.2
F99,99,F,19.11.2022,0
F101,101,F,19.11.2022,27
F102,102,F,19.11.2022,19.8
F105,105,F,19.11.2022,13.2
F108,108,F,19.11.2022,21
G109,109,G,19.11.2022,22.8
G117,117,G,19.11.2022,21.3
G118,118,G,19.11.2022,17.2
G120,120,G,19.11.2022,24.1
G121,121,G,19.11.2022,17.8
G122,122,G,19.11.2022,11.1
G123,123,G,19.11.2022,12.7
G124,124,G,19.11.2022,1.8
G125,125,G,19.11.2022,18.2
H128,128,H,19.11.2022,17.8
H132,132,H,19.11.2022,6.4
H134,134,H,19.11.2022,11.6
H136,136,H,19.11.2022,10.7
H138,138,H,19.11.2022,11.3
H139,139,H,19.11.2022,9
H140,140,H,19.11.2022,6.1
H142,142,H,19.11.2022,14.2
I145,145,I,19.11.2022,24.5
I148,148,I,19.11.2022,17.8
I154,154,I,19.11.2022,4.9
I155,155,I,19.11.2022,4.3
I156,156,I,19.11.2022,0
I159,159,I,19.11.2022,14.7
I160,160,I,19.11.2022,9.9
I162,162,I,19.11.2022,10.6
J163,163,J,19.11.2022,15.4
J168,168,J,19.11.2022,12.6
J170,170,J,19.11.2022,14.3
J171,171,J,19.11.2022,21.1
J172,172,J,19.11.2022,17.7
J173,173,J,19.11.2022,6.9
J175,175,J,19.11.2022,19.6
J177,177,J,19.11.2022,7.1
J179,179,J,19.11.2022,12.7
K183,183,K,19.11.2022,20.7
K186,186,K,19.11.2022,7.4
K190,190,K,19.11.2022,19.6
K194,194,K,19.11.2022,12
K195,195,K,19.11.2022,11.1
K196,196,K,19.11.2022,10.6
K197,197,K,19.11.2022,9
A01,1,A,19.11.2022,25.5
A15,15,A,19.11.2022,9.8
B19,19,B,19.11.2022,6.1
B27,27,B,19.11.2022,4
B34,34,B,19.11.2022,13.2
B35,35,B,19.11.2022,15.5
C38,38,C,19.11.2022,2.2
C41,41,C,19.11.2022,17.4
C43,43,C,19.11.2022,12.2
C53,53,C,19.11.2022,24.6
D57,57,D,19.11.2022,6.3
D60,60,D,19.11.2022,21.3
D66,66,D,19.11.2022,23.7
D67,67,D,19.11.2022,9
E78,78,E,19.11.2022,20.1
E81,81,E,19.11.2022,6.7
E89,89,E,19.11.2022,11.1
F92,92,F,19.11.2022,22.7
F96,96,F,19.11.2022,18.9
F104,104,F,19.11.2022,13.7
F107,107,F,19.11.2022,24.3
G111,111,G,19.11.2022,2.6
G114,114,G,19.11.2022,8.3
G116,116,G,19.11.2022,12.4
G119,119,G,19.11.2022,24.8
H129,129,H,19.11.2022,10
H141,141,H,19.11.2022,21.6
H143,143,H,19.11.2022,24.9
H144,144,H,19.11.2022,8.8
I146,146,I,19.11.2022,15
I149,149,I,19.11.2022,9.9
I150,150,I,19.11.2022,7.5
I151,151,I,19.11.2022,7.2
J167,167,J,19.11.2022,7.5
J174,174,J,19.11.2022,15.6
J176,176,J,19.11.2022,12.7
J180,180,J,19.11.2022,6.9
K185,185,K,19.11.2022,19.7
K187,187,K,19.11.2022,13.1
K188,188,K,19.11.2022,11.2
K192,192,K,19.11.2022,8
K193,193,K,19.11.2022,11.5
K198,198,K,19.11.2022,12.9
A01,1,A,01.12.2022,14.2
A02,2,A,01.12.2022,18.1
A03,3,A,01.12.2022,12.5
A04,4,A,01.12.2022,1.4
A05,5,A,01.12.2022,0
A06,6,A,01.12.2022,0
A07,7,A,01.12.2022,0
A08,8,A,01.12.2022,0
A09,9,A,01.12.2022,0
A10,10,A,01.12.2022,0
A11,11,A,01.12.2022,12.2
A12,12,A,01.12.2022,12.5
A13,13,A,01.12.2022,2.4
A14,14,A,01.12.2022,0
A15,15,A,01.12.2022,0
A16,16,A,01.12.2022,0
A17,17,A,01.12.2022,0
A18,18,A,01.12.2022,0
B19,19,B,01.12.2022,0
B20,20,B,01.12.2022,0
B21,21,B,01.12.2022,3.4
B28,22,B,01.12.2022,0
B30,23,B,01.12.2022,0
B35,24,B,01.12.2022,0
B36,25,B,01.12.2022,0
B26,26,B,01.12.2022,0
B27,27,B,01.12.2022,0
B28,28,B,01.12.2022,1.7
B29,29,B,01.12.2022,0
B30,30,B,01.12.2022,4.4
B31,31,B,01.12.2022,0
B32,32,B,01.12.2022,0
B33,33,B,01.12.2022,0
B34,34,B,01.12.2022,0
B35,35,B,01.12.2022,9.4
B36,36,B,01.12.2022,2.9
C37,37,C,01.12.2022,0
C38,38,C,01.12.2022,0
C39,39,C,01.12.2022,0
C40,40,C,01.12.2022,0
C41,41,C,01.12.2022,0
C42,42,C,01.12.2022,0
C43,43,C,01.12.2022,0
C44,44,C,01.12.2022,0
C45,45,C,01.12.2022,0
C46,46,C,01.12.2022,7.7
C47,47,C,01.12.2022,0
C48,48,C,01.12.2022,4.8
C49,49,C,01.12.2022,0
C50,50,C,01.12.2022,0
C51,51,C,01.12.2022,9
C52,52,C,01.12.2022,12.5
C53,53,C,01.12.2022,11.3
C54,54,C,01.12.2022,0
D55,55,D,01.12.2022,1.1
D56,56,D,01.12.2022,0
D57,57,D,01.12.2022,0
D58,58,D,01.12.2022,0
D59,59,D,01.12.2022,14.7
D60,60,D,01.12.2022,15.4
D61,61,D,01.12.2022,0
D62,62,D,01.12.2022,0
D63,63,D,01.12.2022,6.8
D64,64,D,01.12.2022,2.1
D65,65,D,01.12.2022,1.8
D66,66,D,01.12.2022,6.3
D67,67,D,01.12.2022,0
D68,68,D,01.12.2022,12.1
D69,69,D,01.12.2022,15
D70,70,D,01.12.2022,0
D71,71,D,01.12.2022,0
D72,72,D,01.12.2022,0
E73,73,E,01.12.2022,0
E74,74,E,01.12.2022,0
E75,75,E,01.12.2022,0
E76,76,E,01.12.2022,12.1
E77,77,E,01.12.2022,4.5
E78,78,E,01.12.2022,0
E79,79,E,01.12.2022,13
E80,80,E,01.12.2022,0
E81,81,E,01.12.2022,0
E82,82,E,01.12.2022,0
E83,83,E,01.12.2022,3.5
E84,84,E,01.12.2022,0.6
E85,85,E,01.12.2022,0
E86,86,E,01.12.2022,0
E87,87,E,01.12.2022,0
E88,88,E,01.12.2022,4.7
E89,89,E,01.12.2022,0
E90,90,E,01.12.2022,0
F91,91,F,01.12.2022,8
F92,92,F,01.12.2022,9.8
F93,93,F,01.12.2022,0
F94,94,F,01.12.2022,0
F95,95,F,01.12.2022,2.3
F96,96,F,01.12.2022,0
F97,97,F,01.12.2022,0
F98,98,F,01.12.2022,0
F99,99,F,01.12.2022,0
F100,100,F,01.12.2022,0
F101,101,F,01.12.2022,13.3
F102,102,F,01.12.2022,7.8
F103,103,F,01.12.2022,0
F104,104,F,01.12.2022,1
F105,105,F,01.12.2022,4
F106,106,F,01.12.2022,0
F107,107,F,01.12.2022,0
F108,108,F,01.12.2022,8.9
G109,109,G,01.12.2022,14.6
G110,110,G,01.12.2022,5.3
G111,111,G,01.12.2022,0
G112,112,G,01.12.2022,0
G113,113,G,01.12.2022,7.6
G114,114,G,01.12.2022,0
G115,115,G,01.12.2022,7.8
G116,116,G,01.12.2022,0
G117,117,G,01.12.2022,0
G118,118,G,01.12.2022,3
G119,119,G,01.12.2022,13.2
G120,120,G,01.12.2022,9.6
G121,121,G,01.12.2022,2.5
G122,122,G,01.12.2022,0
G123,123,G,01.12.2022,0
G124,124,G,01.12.2022,0
G125,125,G,01.12.2022,1.2
G126,126,G,01.12.2022,0
H127,127,H,01.12.2022,1.3
H128,128,H,01.12.2022,3
H129,129,H,01.12.2022,0
H130,130,H,01.12.2022,0
H131,131,H,01.12.2022,3.5
H132,132,H,01.12.2022,0
H133,133,H,01.12.2022,1.1
H134,134,H,01.12.2022,0
H135,135,H,01.12.2022,0
H136,136,H,01.12.2022,0
H137,137,H,01.12.2022,2.9
H138,138,H,01.12.2022,0
H139,139,H,01.12.2022,0
H140,140,H,01.12.2022,0
H141,141,H,01.12.2022,12.9
H142,142,H,01.12.2022,0
H143,143,H,01.12.2022,0
H144,144,H,01.12.2022,0
I145,145,I,01.12.2022,0
I146,146,I,01.12.2022,9.9
I147,147,I,01.12.2022,0
I148,148,I,01.12.2022,0
I149,149,I,01.12.2022,0
I150,150,I,01.12.2022,0
I151,151,I,01.12.2022,0
I152,152,I,01.12.2022,0
I153,153,I,01.12.2022,11.2
I154,154,I,01.12.2022,0
I155,155,I,01.12.2022,0
I156,156,I,01.12.2022,0
I157,157,I,01.12.2022,10.9
I158,158,I,01.12.2022,0
I159,159,I,01.12.2022,0
I160,160,I,01.12.2022,0
I161,161,I,01.12.2022,0
I162,162,I,01.12.2022,0
J163,163,J,01.12.2022,0
J164,164,J,01.12.2022,0
J165,165,J,01.12.2022,0
J166,166,J,01.12.2022,10
J167,167,J,01.12.2022,3.7
J168,168,J,01.12.2022,3.1
J169,169,J,01.12.2022,0
J170,170,J,01.12.2022,0.7
J171,171,J,01.12.2022,0
J172,172,J,01.12.2022,2.6
J173,173,J,01.12.2022,0
J174,174,J,01.12.2022,0
J175,175,J,01.12.2022,10.1
J176,176,J,01.12.2022,0
J177,177,J,01.12.2022,0
J178,178,J,01.12.2022,0
J179,179,J,01.12.2022,0
J180,180,J,01.12.2022,0
K181,181,K,01.12.2022,0
K182,182,K,01.12.2022,2.2
K183,183,K,01.12.2022,8.7
K184,184,K,01.12.2022,2.5
K185,185,K,01.12.2022,0
K186,186,K,01.12.2022,0
K187,187,K,01.12.2022,0
K188,188,K,01.12.2022,6.2
K189,189,K,01.12.2022,4.4
K190,190,K,01.12.2022,12.9
K191,191,K,01.12.2022,0
K192,192,K,01.12.2022,0
K193,193,K,01.12.2022,0
K194,194,K,01.12.2022,0
K195,195,K,01.12.2022,0
K196,196,K,01.12.2022,0
K197,197,K,01.12.2022,0
K198,198,K,01.12.2022,1.4
A01,1,A,14.12.2022,0
A02,2,A,14.12.2022,0
A03,3,A,14.12.2022,0
A04,4,A,14.12.2022,0
A05,5,A,14.12.2022,0
A06,6,A,14.12.2022,0
A07,7,A,14.12.2022,0
A08,8,A,14.12.2022,0
A09,9,A,14.12.2022,0
A10,10,A,14.12.2022,0
A11,11,A,14.12.2022,0
A12,12,A,14.12.2022,0
A13,13,A,14.12.2022,0
A14,14,A,14.12.2022,0
A15,15,A,14.12.2022,0
A16,16,A,14.12.2022,0
A17,17,A,14.12.2022,0
A18,18,A,14.12.2022,0
B19,19,B,14.12.2022,0
B20,20,B,14.12.2022,0
B21,21,B,14.12.2022,0
B22,22,B,14.12.2022,0
B23,23,B,14.12.2022,0
B24,24,B,14.12.2022,0
B25,25,B,14.12.2022,0
B26,26,B,14.12.2022,0
B27,27,B,14.12.2022,0
B28,28,B,14.12.2022,0
B29,29,B,14.12.2022,0
B30,30,B,14.12.2022,0
B31,31,B,14.12.2022,0
B32,32,B,14.12.2022,0
B33,33,B,14.12.2022,0
B34,34,B,14.12.2022,0
B35,35,B,14.12.2022,0
B36,36,B,14.12.2022,0
C37,37,C,14.12.2022,0
C38,38,C,14.12.2022,0
C39,39,C,14.12.2022,0
C40,40,C,14.12.2022,0
C41,41,C,14.12.2022,0
C42,42,C,14.12.2022,0
C43,43,C,14.12.2022,0
C44,44,C,14.12.2022,0
C45,45,C,14.12.2022,0
C46,46,C,14.12.2022,0
C47,47,C,14.12.2022,0
C48,48,C,14.12.2022,0
C49,49,C,14.12.2022,0
C50,50,C,14.12.2022,0
C51,51,C,14.12.2022,0
C52,52,C,14.12.2022,0
C53,53,C,14.12.2022,0
C54,54,C,14.12.2022,0
D55,55,D,14.12.2022,0
D56,56,D,14.12.2022,0
D57,57,D,14.12.2022,0
D58,58,D,14.12.2022,0
D59,59,D,14.12.2022,0
D60,60,D,14.12.2022,0
D61,61,D,14.12.2022,0
D62,62,D,14.12.2022,0
D63,63,D,14.12.2022,0
D64,64,D,14.12.2022,0
D65,65,D,14.12.2022,0
D66,66,D,14.12.2022,0
D67,67,D,14.12.2022,0
D68,68,D,14.12.2022,0
D69,69,D,14.12.2022,0
D70,70,D,14.12.2022,0
D71,71,D,14.12.2022,0
D72,72,D,14.12.2022,0
E73,73,E,14.12.2022,0
E74,74,E,14.12.2022,0
E75,75,E,14.12.2022,0
E76,76,E,14.12.2022,0
E77,77,E,14.12.2022,0
E78,78,E,14.12.2022,0
E79,79,E,14.12.2022,0
E80,80,E,14.12.2022,0
E81,81,E,14.12.2022,0
E82,82,E,14.12.2022,0
E83,83,E,14.12.2022,0
E84,84,E,14.12.2022,0
E85,85,E,14.12.2022,0
E86,86,E,14.12.2022,0
E87,87,E,14.12.2022,0
E88,88,E,14.12.2022,0
E89,89,E,14.12.2022,0
E90,90,E,14.12.2022,0
F91,91,F,14.12.2022,0
F92,92,F,14.12.2022,0
F93,93,F,14.12.2022,0
F94,94,F,14.12.2022,0
F95,95,F,14.12.2022,0
F96,96,F,14.12.2022,0
F97,97,F,14.12.2022,0
F98,98,F,14.12.2022,0
F99,99,F,14.12.2022,0
F100,100,F,14.12.2022,0
F101,101,F,14.12.2022,0
F102,102,F,14.12.2022,0
F103,103,F,14.12.2022,0
F104,104,F,14.12.2022,0
F105,105,F,14.12.2022,0
F106,106,F,14.12.2022,0
F107,107,F,14.12.2022,0
F108,108,F,14.12.2022,0
G109,109,G,14.12.2022,0
G110,110,G,14.12.2022,0
G111,111,G,14.12.2022,0
G112,112,G,14.12.2022,0
G113,113,G,14.12.2022,0
G114,114,G,14.12.2022,0
G115,115,G,14.12.2022,0
G116,116,G,14.12.2022,0
G117,117,G,14.12.2022,0
G118,118,G,14.12.2022,0
G119,119,G,14.12.2022,0
G120,120,G,14.12.2022,0
G121,121,G,14.12.2022,0
G122,122,G,14.12.2022,0
G123,123,G,14.12.2022,0
G124,124,G,14.12.2022,0
G125,125,G,14.12.2022,0
G126,126,G,14.12.2022,0
H127,127,H,14.12.2022,0
H128,128,H,14.12.2022,0
H129,129,H,14.12.2022,0
H130,130,H,14.12.2022,0
H131,131,H,14.12.2022,0
H132,132,H,14.12.2022,0
H133,133,H,14.12.2022,0
H134,134,H,14.12.2022,0
H135,135,H,14.12.2022,0
H136,136,H,14.12.2022,0
H137,137,H,14.12.2022,0
H138,138,H,14.12.2022,0
H139,139,H,14.12.2022,0
H140,140,H,14.12.2022,0
H141,141,H,14.12.2022,0
H142,142,H,14.12.2022,0
H143,143,H,14.12.2022,0
H144,144,H,14.12.2022,0
I145,145,I,14.12.2022,0
I146,146,I,14.12.2022,0
I147,147,I,14.12.2022,0
I148,148,I,14.12.2022,0
I149,149,I,14.12.2022,0
I150,150,I,14.12.2022,0
I151,151,I,14.12.2022,0
I152,152,I,14.12.2022,0
I153,153,I,14.12.2022,0
I154,154,I,14.12.2022,0
I155,155,I,14.12.2022,0
I156,156,I,14.12.2022,0
I157,157,I,14.12.2022,0
I158,158,I,14.12.2022,0
I159,159,I,14.12.2022,0
I160,160,I,14.12.2022,0
I161,161,I,14.12.2022,0
I162,162,I,14.12.2022,0
J163,163,J,14.12.2022,0
J164,164,J,14.12.2022,0
J165,165,J,14.12.2022,0
J166,166,J,14.12.2022,0
J167,167,J,14.12.2022,0
J168,168,J,14.12.2022,0
J169,169,J,14.12.2022,0
J170,170,J,14.12.2022,0
J171,171,J,14.12.2022,0
J172,172,J,14.12.2022,0
J173,173,J,14.12.2022,0
J174,174,J,14.12.2022,0
J175,175,J,14.12.2022,0
J176,176,J,14.12.2022,0
J177,177,J,14.12.2022,0
J178,178,J,14.12.2022,0
J179,179,J,14.12.2022,0
J180,180,J,14.12.2022,0
K181,181,K,14.12.2022,0
K182,182,K,14.12.2022,0
K183,183,K,14.12.2022,0
K184,184,K,14.12.2022,0
K185,185,K,14.12.2022,0
K186,186,K,14.12.2022,0
K187,187,K,14.12.2022,0
K188,188,K,14.12.2022,0
K189,189,K,14.12.2022,0
K190,190,K,14.12.2022,0
K191,191,K,14.12.2022,0
K192,192,K,14.12.2022,0
K193,193,K,14.12.2022,0
K194,194,K,14.12.2022,0
K195,195,K,14.12.2022,0
K196,196,K,14.12.2022,0
K197,197,K,14.12.2022,0
K198,198,K,14.12.2022,0