date.time,temp,lux
01.05.2022 00:00,19.56,0.00
01.05.2022 01:00,19.6,0.00
01.05.2022 02:00,19.6,0.00
01.05.2022 03:00,19.6,0.00
01.05.2022 04:00,19.52,0.00
01.05.2022 05:00,19.47,0.00
01.05.2022 06:00,19.43,224.00
01.05.2022 07:00,21.15,2558.00
01.05.2022 08:00,21.53,2525.00
01.05.2022 09:00,21.49,2513.00
01.05.2022 10:00,21.58,2502.00
01.05.2022 11:00,21.53,2497.00
01.05.2022 12:00,21.66,2490.00
01.05.2022 13:00,21.66,2493.00
01.05.2022 14:00,21.66,2481.00
01.05.2022 15:00,21.62,2481.00
01.05.2022 16:00,21.7,2477.00
01.05.2022 17:00,21.62,2479.00
01.05.2022 18:00,21.66,2479.00
01.05.2022 19:00,21.66,2470.00
01.05.2022 20:00,21.83,2354.00
01.05.2022 21:00,20.5,0.00
01.05.2022 22:00,19.9,0.00
01.05.2022 23:00,19.73,0.00
02.05.2022 00:00,19.69,0.00
02.05.2022 01:00,19.65,0.00
02.05.2022 02:00,19.6,0.00
02.05.2022 03:00,19.65,0.00
02.05.2022 04:00,19.52,0.00
02.05.2022 05:00,19.56,0.00
02.05.2022 06:00,19.43,176.00
02.05.2022 07:00,21.02,2333.00
02.05.2022 08:00,21.19,2291.00
02.05.2022 09:00,21.4,2285.00
02.05.2022 10:00,21.45,2278.00
02.05.2022 11:00,21.49,2273.00
02.05.2022 12:00,21.45,2264.00
02.05.2022 13:00,21.49,2262.00
02.05.2022 14:00,21.49,2260.00
02.05.2022 15:00,21.49,2257.00
02.05.2022 16:00,21.49,2249.00
02.05.2022 17:00,21.53,2255.00
02.05.2022 18:00,21.45,2244.00
02.05.2022 19:00,21.58,2249.00
02.05.2022 20:00,21.58,2195.00
02.05.2022 21:00,20.46,0.00
02.05.2022 22:00,19.9,0.00
02.05.2022 23:00,19.73,0.00
03.05.2022 00:00,19.69,0.00
03.05.2022 01:00,19.69,0.00
03.05.2022 02:00,19.56,0.00
03.05.2022 03:00,19.56,0.00
03.05.2022 04:00,19.56,0.00
03.05.2022 05:00,19.47,0.00
03.05.2022 06:00,19.43,164.00
03.05.2022 07:00,21.06,2209.00
03.05.2022 08:00,21.32,2183.00
03.05.2022 09:00,21.4,2170.00
03.05.2022 10:00,21.36,2158.00
03.05.2022 11:00,21.45,2160.00
03.05.2022 12:00,21.53,2152.00
03.05.2022 13:00,21.4,2142.00
03.05.2022 14:00,21.45,2142.00
03.05.2022 15:00,21.58,2145.00
03.05.2022 16:00,21.45,2132.00
03.05.2022 17:00,21.45,2129.00
03.05.2022 18:00,21.15,2116.00
03.05.2022 19:00,21.62,2134.00
03.05.2022 20:00,21.58,2091.00
03.05.2022 21:00,20.55,0.00
03.05.2022 22:00,19.82,0.00
03.05.2022 23:00,19.69,0.00
04.05.2022 00:00,19.65,0.00
04.05.2022 01:00,19.52,0.00
04.05.2022 02:00,19.52,0.00
04.05.2022 03:00,19.6,0.00
04.05.2022 04:00,19.52,0.00
04.05.2022 05:00,19.52,0.00
04.05.2022 06:00,19.52,140.00
04.05.2022 07:00,21.02,2214.00
04.05.2022 08:00,21.15,2172.00
04.05.2022 09:00,21.4,2173.00
04.05.2022 10:00,21.45,2168.00
04.05.2022 11:00,21.45,2152.00
04.05.2022 12:00,21.58,2163.00
04.05.2022 13:00,21.53,1872.00
04.05.2022 14:00,21.4,1885.00
04.05.2022 15:00,19.77,2074.00
04.05.2022 16:00,19.86,2117.00
04.05.2022 17:00,20.07,2094.00
04.05.2022 18:00,20.07,2065.00
04.05.2022 19:00,20.33,2042.00
04.05.2022 20:00,20.85,2024.00
04.05.2022 21:00,20.03,0.00
04.05.2022 22:00,19.47,0.00
04.05.2022 23:00,19.47,0.00
05.05.2022 00:00,19.35,0.00
05.05.2022 01:00,19.39,0.00
05.05.2022 02:00,19.35,0.00
05.05.2022 03:00,19.39,0.00
05.05.2022 04:00,19.3,0.00
05.05.2022 05:00,19.35,0.00
05.05.2022 06:00,19,118.00
05.05.2022 07:00,20.5,1938.00
05.05.2022 08:00,20.93,1912.00
05.05.2022 09:00,20.89,1895.00
05.05.2022 10:00,20.98,1894.00
05.05.2022 11:00,20.98,1889.00
05.05.2022 12:00,21.06,1887.00
05.05.2022 13:00,20.98,1879.00
05.05.2022 14:00,21.1,1875.00
05.05.2022 15:00,21.1,1871.00
05.05.2022 16:00,20.98,1869.00
05.05.2022 17:00,20.89,1853.00
05.05.2022 18:00,21.1,1741.00
05.05.2022 19:00,21.36,2040.00
05.05.2022 20:00,21.19,2045.00
05.05.2022 21:00,20.29,0.00
05.05.2022 22:00,19.82,0.00
05.05.2022 23:00,19.77,0.00
06.05.2022 00:00,19.73,0.00
06.05.2022 01:00,19.65,0.00
06.05.2022 02:00,19.69,0.00
06.05.2022 03:00,19.73,0.00
06.05.2022 04:00,19.69,0.00
06.05.2022 05:00,19.65,0.00
06.05.2022 06:00,19.52,107.00
06.05.2022 07:00,20.8,1978.00
06.05.2022 08:00,20.93,1948.00
06.05.2022 09:00,21.1,1944.00
06.05.2022 10:00,21.1,1937.00
06.05.2022 11:00,21.19,1933.00
06.05.2022 12:00,21.06,1923.00
06.05.2022 13:00,21.1,1920.00
06.05.2022 14:00,21.15,1921.00
06.05.2022 15:00,21.1,1920.00
06.05.2022 16:00,21.19,1928.00
06.05.2022 17:00,21.23,1923.00
06.05.2022 18:00,20.98,1925.00
06.05.2022 19:00,21.1,1932.00
06.05.2022 20:00,21.28,1946.00
06.05.2022 21:00,20.37,45.00
06.05.2022 22:00,19.99,0.00
06.05.2022 23:00,19.9,0.00
07.05.2022 00:00,19.82,0.00
07.05.2022 01:00,19.65,0.00
07.05.2022 02:00,19.82,0.00
07.05.2022 03:00,19.77,0.00
07.05.2022 04:00,19.73,0.00
07.05.2022 05:00,19.82,0.00
07.05.2022 06:00,19.56,99.00
07.05.2022 07:00,20.8,1889.00
07.05.2022 08:00,20.98,1859.00
07.05.2022 09:00,21.06,1854.00
07.05.2022 10:00,21.15,1851.00
07.05.2022 11:00,20.98,1837.00
07.05.2022 12:00,21.1,1844.00
07.05.2022 13:00,20.98,1830.00
07.05.2022 14:00,21.15,1834.00
07.05.2022 15:00,21.19,1828.00
07.05.2022 16:00,21.19,1828.00
07.05.2022 17:00,21.06,1825.00
07.05.2022 18:00,20.85,1821.00
07.05.2022 19:00,21.15,1833.00
07.05.2022 20:00,21.06,1839.00
07.05.2022 21:00,20.42,42.00
07.05.2022 22:00,19.99,0.00
07.05.2022 23:00,19.86,0.00
08.05.2022 00:00,19.9,0.00
08.05.2022 01:00,19.82,0.00
08.05.2022 02:00,19.77,0.00
08.05.2022 03:00,19.82,0.00
08.05.2022 04:00,19.82,0.00
08.05.2022 05:00,19.82,0.00
08.05.2022 06:00,19.6,92.00
08.05.2022 07:00,20.72,1795.00
08.05.2022 08:00,20.98,1773.00
08.05.2022 09:00,20.93,1770.00
08.05.2022 10:00,21.1,1770.00
08.05.2022 11:00,20.98,1762.00
08.05.2022 12:00,21.19,1762.00
08.05.2022 13:00,20.98,1754.00
08.05.2022 14:00,21.1,1750.00
08.05.2022 15:00,20.98,1747.00
08.05.2022 16:00,21.1,1748.00
08.05.2022 17:00,21.23,1752.00
08.05.2022 18:00,20.85,1730.00
08.05.2022 19:00,21.06,1746.00
08.05.2022 20:00,21.19,1748.00
08.05.2022 21:00,20.42,40.00
08.05.2022 22:00,19.9,0.00
08.05.2022 23:00,19.95,0.00
09.05.2022 00:00,19.86,0.00
09.05.2022 01:00,19.86,0.00
09.05.2022 02:00,19.82,0.00
09.05.2022 03:00,19.82,0.00
09.05.2022 04:00,19.86,0.00
09.05.2022 05:00,19.82,0.00
09.05.2022 06:00,19.73,73.00
09.05.2022 07:00,20.76,1706.00
09.05.2022 08:00,20.85,1675.00
09.05.2022 09:00,20.98,1671.00
09.05.2022 10:00,20.98,1669.00
09.05.2022 11:00,21.06,1670.00
09.05.2022 12:00,21.1,1663.00
09.05.2022 13:00,21.06,1663.00
09.05.2022 14:00,21.19,1656.00
09.05.2022 15:00,21.15,1652.00
09.05.2022 16:00,21.06,1651.00
09.05.2022 17:00,21.1,1652.00
09.05.2022 18:00,20.93,1648.00
09.05.2022 19:00,21.19,1668.00
09.05.2022 20:00,21.15,1669.00
09.05.2022 21:00,20.46,39.00
09.05.2022 22:00,19.99,0.00
09.05.2022 23:00,19.95,0.00
10.05.2022 00:00,19.95,0.00
10.05.2022 01:00,19.82,0.00
10.05.2022 02:00,19.77,0.00
10.05.2022 03:00,19.77,0.00
10.05.2022 04:00,19.86,0.00
10.05.2022 05:00,19.82,0.00
10.05.2022 06:00,19.9,71.00
10.05.2022 07:00,20.72,1620.00
10.05.2022 08:00,20.93,1599.00
10.05.2022 09:00,20.93,1596.00
10.05.2022 10:00,21.06,1594.00
10.05.2022 11:00,21.02,1586.00
10.05.2022 12:00,21.02,1588.00
10.05.2022 13:00,21.02,1582.00
10.05.2022 14:00,21.1,1580.00
10.05.2022 15:00,20.98,1563.00
10.05.2022 16:00,21.02,1551.00
10.05.2022 17:00,20.98,1548.00
10.05.2022 18:00,21.15,1553.00
10.05.2022 19:00,21.28,1091.00
10.05.2022 20:00,21.28,1681.00
10.05.2022 21:00,20.46,77.00
10.05.2022 22:00,19.99,34.00
10.05.2022 23:00,19.09,25.00
11.05.2022 00:00,18.96,0.00
11.05.2022 01:00,18.36,0.00
11.05.2022 02:00,18.4,0.00
11.05.2022 03:00,18.53,0.00
11.05.2022 04:00,18.7,0.00
11.05.2022 05:00,19.05,0.00
11.05.2022 06:00,19.22,68.00
11.05.2022 07:00,20.33,1837.00
11.05.2022 08:00,20.55,1795.00
11.05.2022 09:00,20.72,1790.00
11.05.2022 10:00,20.8,1782.00
11.05.2022 11:00,20.76,1777.00
11.05.2022 12:00,20.76,1777.00
11.05.2022 13:00,20.93,1779.00
11.05.2022 14:00,20.93,1776.00
11.05.2022 15:00,20.89,1773.00
11.05.2022 16:00,20.98,1775.00
11.05.2022 17:00,20.93,1775.00
11.05.2022 18:00,20.98,1779.00
11.05.2022 19:00,21.15,1780.00
11.05.2022 20:00,21.02,1780.00
11.05.2022 21:00,20.16,41.00
11.05.2022 22:00,19.77,0.00
11.05.2022 23:00,19.65,0.00
12.05.2022 00:00,19.56,0.00
12.05.2022 01:00,19.65,0.00
12.05.2022 02:00,19.6,0.00
12.05.2022 03:00,19.52,0.00
12.05.2022 04:00,19.56,0.00
12.05.2022 05:00,19.47,0.00
12.05.2022 06:00,19.65,66.00
12.05.2022 07:00,20.68,1802.00
12.05.2022 08:00,20.68,1762.00
12.05.2022 09:00,20.98,1764.00
12.05.2022 10:00,21.02,1759.00
12.05.2022 11:00,20.93,1749.00
12.05.2022 12:00,21.02,1756.00
12.05.2022 13:00,21.06,1750.00
12.05.2022 14:00,20.98,1743.00
12.05.2022 15:00,21.1,1742.00
12.05.2022 16:00,20.98,1738.00
12.05.2022 17:00,21.1,1741.00
12.05.2022 18:00,21.19,1741.00
12.05.2022 19:00,21.15,1739.00
12.05.2022 20:00,21.19,1741.00
12.05.2022 21:00,20.29,40.00
12.05.2022 22:00,19.9,0.00
12.05.2022 23:00,19.82,0.00
13.05.2022 00:00,19.69,0.00
13.05.2022 01:00,19.65,0.00
13.05.2022 02:00,19.6,0.00
13.05.2022 03:00,19.6,0.00
13.05.2022 04:00,19.6,0.00
13.05.2022 05:00,19.6,0.00
13.05.2022 06:00,19.69,45.00
13.05.2022 07:00,20.76,1761.00
13.05.2022 08:00,20.89,1725.00
13.05.2022 09:00,20.98,1719.00
13.05.2022 10:00,20.98,1712.00
13.05.2022 11:00,21.1,1717.00
13.05.2022 12:00,21.1,1711.00
13.05.2022 13:00,21.1,1712.00
13.05.2022 14:00,21.23,1709.00
13.05.2022 15:00,21.1,1702.00
13.05.2022 16:00,21.15,1707.00
13.05.2022 17:00,21.19,1706.00
13.05.2022 18:00,21.19,1708.00
13.05.2022 19:00,21.28,1707.00
13.05.2022 20:00,21.23,1704.00
13.05.2022 21:00,20.42,39.00
13.05.2022 22:00,19.95,0.00
13.05.2022 23:00,19.77,0.00
14.05.2022 00:00,19.77,0.00
14.05.2022 01:00,19.77,0.00
14.05.2022 02:00,19.77,0.00
14.05.2022 03:00,19.73,0.00
14.05.2022 04:00,19.65,0.00
14.05.2022 05:00,19.69,0.00
14.05.2022 06:00,19.82,44.00
14.05.2022 07:00,20.76,1725.00
14.05.2022 08:00,20.98,1688.00
14.05.2022 09:00,21.06,1683.00
14.05.2022 10:00,20.98,1676.00
14.05.2022 11:00,21.23,1674.00
14.05.2022 12:00,21.23,1672.00
14.05.2022 13:00,21.15,1671.00
14.05.2022 14:00,21.23,1672.00
14.05.2022 15:00,21.23,1668.00
14.05.2022 16:00,21.28,1667.00
14.05.2022 17:00,21.19,1663.00
14.05.2022 18:00,21.32,1662.00
14.05.2022 19:00,21.1,1654.00
14.05.2022 20:00,21.28,1663.00
14.05.2022 21:00,20.46,38.00
14.05.2022 22:00,20.03,0.00
14.05.2022 23:00,19.9,0.00
15.05.2022 00:00,19.86,0.00
15.05.2022 01:00,19.82,0.00
15.05.2022 02:00,19.82,0.00
15.05.2022 03:00,19.82,0.00
15.05.2022 04:00,19.73,0.00
15.05.2022 05:00,19.73,0.00
15.05.2022 06:00,19.86,38.00
15.05.2022 07:00,20.8,1686.00
15.05.2022 08:00,20.98,1645.00
15.05.2022 09:00,21.15,1641.00
15.05.2022 10:00,21.15,1635.00
15.05.2022 11:00,21.23,1635.00
15.05.2022 12:00,21.36,1638.00
15.05.2022 13:00,21.23,1631.00
15.05.2022 14:00,21.28,1632.00
15.05.2022 15:00,21.28,1635.00
15.05.2022 16:00,21.28,1631.00
15.05.2022 17:00,21.28,1631.00
15.05.2022 18:00,21.36,1637.00
15.05.2022 19:00,21.36,1633.00
15.05.2022 20:00,21.45,1640.00
15.05.2022 21:00,20.46,38.00
15.05.2022 22:00,20.12,0.00
15.05.2022 23:00,19.95,0.00
16.05.2022 00:00,19.86,0.00
16.05.2022 01:00,19.82,0.00
16.05.2022 02:00,19.82,0.00
16.05.2022 03:00,19.77,0.00
16.05.2022 04:00,19.77,0.00
16.05.2022 05:00,19.77,0.00
16.05.2022 06:00,19.82,38.00
16.05.2022 07:00,20.98,1658.00
16.05.2022 08:00,21.1,1623.00
16.05.2022 09:00,21.19,1616.00
16.05.2022 10:00,21.19,1612.00
16.05.2022 11:00,21.28,1609.00
16.05.2022 12:00,21.4,1613.00
16.05.2022 13:00,21.19,1601.00
16.05.2022 14:00,21.23,1604.00
16.05.2022 15:00,21.28,1605.00
16.05.2022 16:00,21.4,1606.00
16.05.2022 17:00,21.36,1603.00
16.05.2022 18:00,21.36,1606.00
16.05.2022 19:00,21.58,1610.00
16.05.2022 20:00,21.4,1602.00
16.05.2022 21:00,20.55,38.00
16.05.2022 22:00,20.12,0.00
16.05.2022 23:00,19.9,0.00
17.05.2022 00:00,19.9,0.00
17.05.2022 01:00,19.86,0.00
17.05.2022 02:00,19.77,0.00
17.05.2022 03:00,19.82,0.00
17.05.2022 04:00,19.82,0.00
17.05.2022 05:00,19.82,0.00
17.05.2022 06:00,19.95,37.00
17.05.2022 07:00,20.93,1644.00
17.05.2022 08:00,21.15,1612.00
17.05.2022 09:00,21.36,1605.00
17.05.2022 10:00,21.28,1599.00
17.05.2022 11:00,21.36,1591.00
17.05.2022 12:00,21.28,1590.00
17.05.2022 13:00,21.4,1592.00
17.05.2022 14:00,21.32,1588.00
17.05.2022 15:00,19,1612.00
17.05.2022 16:00,19.26,1612.00
17.05.2022 17:00,19.26,1603.00
17.05.2022 18:00,19.47,1583.00
17.05.2022 19:00,20.03,1572.00
17.05.2022 20:00,20.37,1568.00
17.05.2022 21:00,19.82,37.00
17.05.2022 22:00,19.52,0.00
17.05.2022 23:00,19.43,0.00
18.05.2022 00:00,19.43,0.00
18.05.2022 01:00,19.47,0.00
18.05.2022 02:00,19.39,0.00
18.05.2022 03:00,19.47,0.00
18.05.2022 04:00,19.47,0.00
18.05.2022 05:00,19.52,0.00
18.05.2022 06:00,19.56,37.00
18.05.2022 07:00,20.5,1663.00
18.05.2022 08:00,20.63,1617.00
18.05.2022 09:00,20.8,1620.00
18.05.2022 10:00,20.85,1610.00
18.05.2022 11:00,20.8,1608.00
18.05.2022 12:00,20.85,1606.00
18.05.2022 13:00,20.85,1605.00
18.05.2022 14:00,20.85,1603.00
18.05.2022 15:00,20.85,1602.00
18.05.2022 16:00,20.98,1569.00
18.05.2022 17:00,20.93,1603.00
18.05.2022 18:00,20.93,1599.00
18.05.2022 19:00,21.02,1599.00
18.05.2022 20:00,20.93,1599.00
18.05.2022 21:00,20.16,38.00
18.05.2022 22:00,19.77,0.00
18.05.2022 23:00,19.73,0.00
19.05.2022 00:00,19.73,0.00
19.05.2022 01:00,19.69,0.00
19.05.2022 02:00,19.65,0.00
19.05.2022 03:00,19.6,0.00
19.05.2022 04:00,19.65,0.00
19.05.2022 05:00,19.65,0.00
19.05.2022 06:00,19.73,36.00
19.05.2022 07:00,20.63,1637.00
19.05.2022 08:00,20.8,1600.00
19.05.2022 09:00,20.98,1597.00
19.05.2022 10:00,20.93,1593.00
19.05.2022 11:00,20.93,1585.00
19.05.2022 12:00,21.02,1587.00
19.05.2022 13:00,21.02,1588.00
19.05.2022 14:00,21.02,1585.00
19.05.2022 15:00,21.02,1584.00
19.05.2022 16:00,20.98,1590.00
19.05.2022 17:00,20.72,1438.00
19.05.2022 18:00,20.72,1462.00
19.05.2022 19:00,21.06,1796.00
19.05.2022 20:00,21.23,1803.00
19.05.2022 21:00,20.37,42.00
19.05.2022 22:00,19.9,0.00
19.05.2022 23:00,19.69,0.00
20.05.2022 00:00,19.73,0.00
20.05.2022 01:00,19.69,0.00
20.05.2022 02:00,19.69,0.00
20.05.2022 03:00,19.6,0.00
20.05.2022 04:00,19.65,0.00
20.05.2022 05:00,19.69,0.00
20.05.2022 06:00,19.69,38.00
20.05.2022 07:00,20.72,1808.00
20.05.2022 08:00,21.02,1779.00
20.05.2022 09:00,21.19,1773.00
20.05.2022 10:00,21.23,1770.00
20.05.2022 11:00,21.15,1764.00
20.05.2022 12:00,21.32,1775.00
20.05.2022 13:00,21.23,1790.00
20.05.2022 14:00,21.32,1803.00
20.05.2022 15:00,21.36,1839.00
20.05.2022 16:00,19.65,71.00
20.05.2022 17:00,18.49,70.00
20.05.2022 18:00,16.86,71.00
20.05.2022 19:00,15.31,67.00
20.05.2022 20:00,12.22,49.00
20.05.2022 21:00,9.52,0.00
20.05.2022 22:00,8.75,0.00
20.05.2022 23:00,8.41,0.00
21.05.2022 00:00,8.62,0.00
21.05.2022 01:00,8.32,0.00
21.05.2022 02:00,8.75,0.00
21.05.2022 03:00,8.36,0.00
21.05.2022 04:00,8.58,0.00
21.05.2022 05:00,8.62,0.00
21.05.2022 06:00,15.36,239.00
21.05.2022 07:00,20.07,379.00
21.05.2022 08:00,20.68,379.00
21.05.2022 09:00,21.1,380.00
21.05.2022 10:00,21.1,379.00
21.05.2022 11:00,21.15,380.00
21.05.2022 12:00,21.1,380.00
21.05.2022 13:00,21.19,380.00
21.05.2022 14:00,21.06,380.00
21.05.2022 15:00,21.23,380.00
21.05.2022 16:00,21.15,379.00
21.05.2022 17:00,21.23,380.00
21.05.2022 18:00,21.19,379.00
21.05.2022 19:00,21.28,380.00
21.05.2022 20:00,21.02,379.00
21.05.2022 21:00,18.62,115.00
21.05.2022 22:00,9.26,0.00
21.05.2022 23:00,8.96,0.00
22.05.2022 00:00,8.71,0.00
22.05.2022 01:00,8.71,0.00
22.05.2022 02:00,8.58,0.00
22.05.2022 03:00,8.62,0.00
22.05.2022 04:00,8.58,0.00
22.05.2022 05:00,8.36,0.00
22.05.2022 06:00,15.18,227.00
22.05.2022 07:00,20.37,372.00
22.05.2022 08:00,20.76,370.00
22.05.2022 09:00,20.98,370.00
22.05.2022 10:00,21.1,371.00
22.05.2022 11:00,21.02,369.00
22.05.2022 12:00,21.19,370.00
22.05.2022 13:00,21.32,370.00
22.05.2022 14:00,21.15,369.00
22.05.2022 15:00,21.4,371.00
22.05.2022 16:00,21.28,370.00
22.05.2022 17:00,21.36,371.00
22.05.2022 18:00,21.19,369.00
22.05.2022 19:00,21.4,370.00
22.05.2022 20:00,21.19,369.00
22.05.2022 21:00,18.32,120.00
22.05.2022 22:00,9.22,0.00
22.05.2022 23:00,9.18,0.00
23.05.2022 00:00,8.88,0.00
23.05.2022 01:00,8.88,0.00
23.05.2022 02:00,8.88,0.00
23.05.2022 03:00,8.62,0.00
23.05.2022 04:00,8.66,0.00
23.05.2022 05:00,8.58,0.00
23.05.2022 06:00,15.23,225.00
23.05.2022 07:00,20.46,382.00
23.05.2022 08:00,20.68,380.00
23.05.2022 09:00,21.06,380.00
23.05.2022 10:00,21.28,382.00
23.05.2022 11:00,21.23,380.00
23.05.2022 12:00,21.23,380.00
23.05.2022 13:00,21.36,380.00
23.05.2022 14:00,21.45,381.00
23.05.2022 15:00,21.32,380.00
23.05.2022 16:00,21.02,330.00
23.05.2022 17:00,20.89,2357.00
23.05.2022 18:00,20.68,2383.00
23.05.2022 19:00,20.76,2620.00
23.05.2022 20:00,20.8,2637.00
23.05.2022 21:00,17.59,848.00
23.05.2022 22:00,10.55,0.00
23.05.2022 23:00,9.61,0.00
24.05.2022 00:00,9.05,0.00
24.05.2022 01:00,9.18,0.00
24.05.2022 02:00,8.96,0.00
24.05.2022 03:00,8.62,0.00
24.05.2022 04:00,8.88,0.00
24.05.2022 05:00,8.58,0.00
24.05.2022 06:00,15.14,1556.00
24.05.2022 07:00,19.6,2643.00
24.05.2022 08:00,20.25,2637.00
24.05.2022 09:00,20.2,2623.00
24.05.2022 10:00,20.2,2611.00
24.05.2022 11:00,20.68,2623.00
24.05.2022 12:00,20.5,2597.00
24.05.2022 13:00,20.63,2611.00
24.05.2022 14:00,20.76,2856.00
24.05.2022 15:00,20.68,2844.00
24.05.2022 16:00,20.55,2794.00
24.05.2022 17:00,20.63,2691.00
24.05.2022 18:00,20.46,2707.00
24.05.2022 19:00,20.72,2794.00
24.05.2022 20:00,20.72,36.00
24.05.2022 21:00,19.86,2065.00
24.05.2022 22:00,9.52,0.00
24.05.2022 23:00,8.79,0.00
25.05.2022 00:00,8.88,0.00
25.05.2022 01:00,8.92,0.00
25.05.2022 02:00,8.83,0.00
25.05.2022 03:00,8.79,0.00
25.05.2022 04:00,8.75,0.00
25.05.2022 05:00,8.71,0.00
25.05.2022 06:00,15.91,3145.00
25.05.2022 07:00,22.52,5494.00
25.05.2022 08:00,22.78,5499.00
25.05.2022 09:00,22.82,5504.00
25.05.2022 10:00,22.99,5509.00
25.05.2022 11:00,22.86,5489.00
25.05.2022 12:00,22.73,5486.00
25.05.2022 13:00,22.73,5473.00
25.05.2022 14:00,22.82,5473.00
25.05.2022 15:00,22.78,5486.00
25.05.2022 16:00,22.69,5471.00
25.05.2022 17:00,22.99,5489.00
25.05.2022 18:00,22.05,5949.00
25.05.2022 19:00,23.68,6817.00
25.05.2022 20:00,23.16,7043.00
25.05.2022 21:00,20.16,2657.00
25.05.2022 22:00,9.05,0.00
25.05.2022 23:00,8.92,0.00
26.05.2022 00:00,8.75,0.00
26.05.2022 01:00,8.96,0.00
26.05.2022 02:00,8.83,0.00
26.05.2022 03:00,8.96,0.00
26.05.2022 04:00,8.79,0.00
26.05.2022 05:00,8.88,0.00
26.05.2022 06:00,16.04,3981.00
26.05.2022 07:00,22.82,7060.00
26.05.2022 08:00,23.12,7022.00
26.05.2022 09:00,23.08,6984.00
26.05.2022 10:00,23.34,7014.00
26.05.2022 11:00,23.16,6976.00
26.05.2022 12:00,23.21,6976.00
26.05.2022 13:00,23.21,6976.00
26.05.2022 14:00,23.21,6968.00
26.05.2022 15:00,23.21,6976.00
26.05.2022 16:00,23.16,6628.00
26.05.2022 17:00,23.46,6674.00
26.05.2022 18:00,23.64,6548.00
26.05.2022 19:00,23.64,6538.00
26.05.2022 20:00,23.59,6536.00
26.05.2022 21:00,20.55,2436.00
26.05.2022 22:00,9.39,0.00
26.05.2022 23:00,9.01,0.00
27.05.2022 00:00,8.88,0.00
27.05.2022 01:00,8.79,0.00
27.05.2022 02:00,8.96,0.00
27.05.2022 03:00,8.79,0.00
27.05.2022 04:00,8.92,0.00
27.05.2022 05:00,8.75,0.00
27.05.2022 06:00,15.74,3570.00
27.05.2022 07:00,23.25,6641.00
27.05.2022 08:00,23.59,6592.00
27.05.2022 09:00,23.76,6587.00
27.05.2022 10:00,23.29,6561.00
27.05.2022 11:00,23.59,6572.00
27.05.2022 12:00,23.76,6579.00
27.05.2022 13:00,23.68,6582.00
27.05.2022 14:00,23.72,6574.00
27.05.2022 15:00,23.55,6572.00
27.05.2022 16:00,23.68,6595.00
27.05.2022 17:00,23.51,6559.00
27.05.2022 18:00,23.64,6584.00
27.05.2022 19:00,23.76,6597.00
27.05.2022 20:00,23.72,6584.00
27.05.2022 21:00,20.89,2623.00
27.05.2022 22:00,9.26,0.00
27.05.2022 23:00,8.92,0.00
28.05.2022 00:00,8.79,0.00
28.05.2022 01:00,8.83,0.00
28.05.2022 02:00,8.92,0.00
28.05.2022 03:00,8.75,0.00
28.05.2022 04:00,8.71,0.00
28.05.2022 05:00,8.83,0.00
28.05.2022 06:00,15.61,3534.00
28.05.2022 07:00,23.21,6620.00
28.05.2022 08:00,23.59,6592.00
28.05.2022 09:00,23.59,6564.00
28.05.2022 10:00,23.38,6561.00
28.05.2022 11:00,23.68,6579.00
28.05.2022 12:00,23.59,6582.00
28.05.2022 13:00,23.59,6572.00
28.05.2022 14:00,23.68,6584.00
28.05.2022 15:00,23.68,6584.00
28.05.2022 16:00,23.64,6582.00
28.05.2022 17:00,23.72,6597.00
28.05.2022 18:00,23.46,6574.00
28.05.2022 19:00,23.64,6579.00
28.05.2022 20:00,23.68,6602.00
28.05.2022 21:00,20.98,2656.00
28.05.2022 22:00,9.01,0.00
28.05.2022 23:00,8.88,0.00
29.05.2022 00:00,8.92,0.00
29.05.2022 01:00,9.05,0.00
29.05.2022 02:00,8.75,0.00
29.05.2022 03:00,8.92,0.00
29.05.2022 04:00,8.79,0.00
29.05.2022 05:00,9.09,0.00
29.05.2022 06:00,15.27,3325.00
29.05.2022 07:00,23.34,6633.00
29.05.2022 08:00,23.64,6597.00
29.05.2022 09:00,23.46,6569.00
29.05.2022 10:00,23.21,6548.00
29.05.2022 11:00,23.64,6572.00
29.05.2022 12:00,23.76,6587.00
29.05.2022 13:00,23.68,6582.00
29.05.2022 14:00,23.64,6587.00
29.05.2022 15:00,23.55,6582.00
29.05.2022 16:00,23.68,6584.00
29.05.2022 17:00,23.51,6574.00
29.05.2022 18:00,23.55,6515.00
29.05.2022 19:00,23.51,6605.00
29.05.2022 20:00,23.55,6610.00
29.05.2022 21:00,21.1,2822.00
29.05.2022 22:00,9.05,0.00
29.05.2022 23:00,9.18,0.00
30.05.2022 00:00,8.83,0.00
30.05.2022 01:00,8.62,0.00
30.05.2022 02:00,8.92,0.00
30.05.2022 03:00,8.53,0.00
30.05.2022 04:00,8.83,0.00
30.05.2022 05:00,8.79,0.00
30.05.2022 06:00,15.23,3270.00
30.05.2022 07:00,23.29,6641.00
30.05.2022 08:00,23.46,6541.00
30.05.2022 09:00,23.64,6551.00
30.05.2022 10:00,23.12,6490.00
30.05.2022 11:00,23.59,6536.00
30.05.2022 12:00,23.59,6541.00
30.05.2022 13:00,23.46,6525.00
30.05.2022 14:00,23.42,6515.00
30.05.2022 15:00,23.68,6556.00
30.05.2022 16:00,23.51,6536.00
30.05.2022 17:00,23.64,6538.00
30.05.2022 18:00,23.68,6559.00
30.05.2022 19:00,23.42,6538.00
30.05.2022 20:00,20.12,1802.00
30.05.2022 21:00,18.14,751.00
30.05.2022 22:00,11.11,0.00
30.05.2022 23:00,10.38,0.00
31.05.2022 00:00,9.74,0.00
31.05.2022 01:00,9.35,0.00
31.05.2022 02:00,9.14,0.00
31.05.2022 03:00,9.01,0.00
31.05.2022 04:00,8.88,0.00
31.05.2022 05:00,8.58,0.00
31.05.2022 06:00,13.12,843.00
31.05.2022 07:00,17.72,1849.00
31.05.2022 08:00,18.7,1844.00
31.05.2022 09:00,19.05,1839.00
31.05.2022 10:00,19.86,1853.00
31.05.2022 11:00,19.52,1836.00
31.05.2022 12:00,19.82,1841.00
31.05.2022 13:00,19.9,1837.00
31.05.2022 14:00,19.95,1831.00
31.05.2022 15:00,20.07,1834.00
31.05.2022 16:00,20.16,1834.00
31.05.2022 17:00,20.29,1836.00
31.05.2022 18:00,20.07,1828.00
31.05.2022 19:00,20.33,1841.00
31.05.2022 20:00,20.25,1833.00
31.05.2022 21:00,18.53,817.00
31.05.2022 22:00,11.92,0.00
31.05.2022 23:00,10.38,0.00
01.06.2022 00:00,9.78,0.00
01.06.2022 01:00,9.56,0.00
01.06.2022 02:00,9.18,0.00
01.06.2022 03:00,9.01,0.00
01.06.2022 04:00,8.79,0.00
01.06.2022 05:00,8.75,0.00
01.06.2022 06:00,13.04,832.00
01.06.2022 07:00,17.89,1846.00
01.06.2022 08:00,18.83,1841.00
01.06.2022 09:00,19.22,1837.00
01.06.2022 10:00,19.56,1839.00
01.06.2022 11:00,19.77,1831.00
01.06.2022 12:00,19.95,1834.00
01.06.2022 13:00,20.12,1833.00
01.06.2022 14:00,20.12,1833.00
01.06.2022 15:00,20.25,1833.00
01.06.2022 16:00,20.33,1833.00
01.06.2022 17:00,20.29,1828.00
01.06.2022 18:00,20.37,1830.00
01.06.2022 19:00,20.5,1831.00
01.06.2022 20:00,20.46,1828.00
01.06.2022 21:00,18.62,819.00
01.06.2022 22:00,11.71,0.00
01.06.2022 23:00,10.81,0.00
02.06.2022 00:00,9.99,0.00
02.06.2022 01:00,9.86,0.00
02.06.2022 02:00,9.39,0.00
02.06.2022 03:00,9.31,0.00
02.06.2022 04:00,9.22,0.00
02.06.2022 05:00,9.09,0.00
02.06.2022 06:00,13.55,824.00
02.06.2022 07:00,18.27,1843.00
02.06.2022 08:00,19.22,1843.00
02.06.2022 09:00,19.3,1833.00
02.06.2022 10:00,19.6,1830.00
02.06.2022 11:00,19.99,1831.00
02.06.2022 12:00,20.07,1826.00
02.06.2022 13:00,20.33,1833.00
02.06.2022 14:00,20.46,1830.00
02.06.2022 15:00,20.16,1818.00
02.06.2022 16:00,20.55,1830.00
02.06.2022 17:00,20.46,1821.00
02.06.2022 18:00,20.85,1826.00
02.06.2022 19:00,20.63,1818.00
02.06.2022 20:00,20.8,1825.00
02.06.2022 21:00,18.96,869.00
02.06.2022 22:00,11.54,0.00
02.06.2022 23:00,10.64,0.00
03.06.2022 00:00,10.34,0.00
03.06.2022 01:00,9.78,0.00
03.06.2022 02:00,9.69,0.00
03.06.2022 03:00,9.52,0.00
03.06.2022 04:00,9.35,0.00
03.06.2022 05:00,9.14,27.00
03.06.2022 06:00,17.63,3076.00
03.06.2022 07:00,19.35,3049.00
03.06.2022 08:00,19.86,3048.00
03.06.2022 09:00,20.16,3050.00
03.06.2022 10:00,20.98,3060.00
03.06.2022 11:00,20.8,3048.00
03.06.2022 12:00,20.89,3045.00
03.06.2022 13:00,21.02,3053.00
03.06.2022 14:00,21.23,3045.00
03.06.2022 15:00,21.23,3045.00
03.06.2022 16:00,21.28,3043.00
03.06.2022 17:00,21.32,3044.00
03.06.2022 18:00,21.53,3062.00
03.06.2022 19:00,21.49,3062.00
03.06.2022 20:00,21.62,3045.00
03.06.2022 21:00,19.99,1788.00
03.06.2022 22:00,11.15,0.00
03.06.2022 23:00,11.02,0.00
04.06.2022 00:00,10.51,0.00
04.06.2022 01:00,10.12,0.00
04.06.2022 02:00,9.91,0.00
04.06.2022 03:00,9.65,0.00
04.06.2022 04:00,9.35,0.00
04.06.2022 05:00,9.31,26.00
04.06.2022 06:00,17.84,3068.00
04.06.2022 07:00,19.47,3044.00
04.06.2022 08:00,20.07,3041.00
04.06.2022 09:00,20.37,3039.00
04.06.2022 10:00,20.98,3045.00
04.06.2022 11:00,20.93,3036.00
04.06.2022 12:00,21.06,3037.00
04.06.2022 13:00,21.1,3031.00
04.06.2022 14:00,21.1,3030.00
04.06.2022 15:00,21.32,3030.00
04.06.2022 16:00,21.49,3027.00
04.06.2022 17:00,21.28,3023.00
04.06.2022 18:00,21.62,3031.00
04.06.2022 19:00,21.45,3025.00
04.06.2022 20:00,21.62,3045.00
04.06.2022 21:00,20.37,1837.00
04.06.2022 22:00,12.35,0.00
04.06.2022 23:00,10.12,0.00
05.06.2022 00:00,9.56,0.00
05.06.2022 01:00,9.44,0.00
05.06.2022 02:00,9.14,0.00
05.06.2022 03:00,9.01,0.00
05.06.2022 04:00,8.79,0.00
05.06.2022 05:00,8.83,26.00
05.06.2022 06:00,16.3,2904.00
05.06.2022 07:00,18.49,2894.00
05.06.2022 08:00,19.26,2898.00
05.06.2022 09:00,19.6,2897.00
05.06.2022 10:00,20.25,2906.00
05.06.2022 11:00,20.12,2900.00
05.06.2022 12:00,20.46,2904.00
05.06.2022 13:00,20.33,2899.00
05.06.2022 14:00,20.63,2903.00
05.06.2022 15:00,20.68,2899.00
05.06.2022 16:00,20.68,2903.00
05.06.2022 17:00,20.76,2899.00
05.06.2022 18:00,20.72,2898.00
05.06.2022 19:00,20.89,2900.00
05.06.2022 20:00,20.93,2899.00
05.06.2022 21:00,19.77,1814.00
05.06.2022 22:00,11.19,0.00
05.06.2022 23:00,10.59,0.00
06.06.2022 00:00,10.12,0.00
06.06.2022 01:00,9.69,0.00
06.06.2022 02:00,9.52,0.00
06.06.2022 03:00,9.26,0.00
06.06.2022 04:00,8.96,0.00
06.06.2022 05:00,8.88,0.00
06.06.2022 06:00,16.81,2935.00
06.06.2022 07:00,18.83,2916.00
06.06.2022 08:00,19.43,2911.00
06.06.2022 09:00,19.9,2912.00
06.06.2022 10:00,20.55,2911.00
06.06.2022 11:00,20.29,2903.00
06.06.2022 12:00,20.72,2909.00
06.06.2022 13:00,20.76,2906.00
06.06.2022 14:00,20.68,2906.00
06.06.2022 15:00,20.89,2908.00
06.06.2022 16:00,20.93,2912.00
06.06.2022 17:00,20.85,2911.00
06.06.2022 18:00,21.1,2915.00
06.06.2022 19:00,21.23,2915.00
06.06.2022 20:00,21.15,2912.00
06.06.2022 21:00,20.16,1831.00
06.06.2022 22:00,11.19,0.00
06.06.2022 23:00,10.89,0.00
07.06.2022 00:00,10.38,0.00
07.06.2022 01:00,9.95,0.00
07.06.2022 02:00,9.82,0.00
07.06.2022 03:00,9.48,0.00
07.06.2022 04:00,9.26,0.00
07.06.2022 05:00,9.31,0.00
07.06.2022 06:00,17.24,2944.00
07.06.2022 07:00,19.22,2962.00
07.06.2022 08:00,19.73,2962.00
07.06.2022 09:00,20.12,2961.00
07.06.2022 10:00,20.63,2966.00
07.06.2022 11:00,20.55,2957.00
07.06.2022 12:00,20.98,2963.00
07.06.2022 13:00,20.93,2966.00
07.06.2022 14:00,21.02,2961.00
07.06.2022 15:00,21.15,2963.00
07.06.2022 16:00,21.19,2956.00
07.06.2022 17:00,21.32,2958.00
07.06.2022 18:00,21.32,2952.00
07.06.2022 19:00,21.32,2944.00
07.06.2022 20:00,21.45,2961.00
07.06.2022 21:00,20.37,1903.00
07.06.2022 22:00,11.28,0.00
07.06.2022 23:00,10.85,0.00
08.06.2022 00:00,10.46,0.00
08.06.2022 01:00,10.12,0.00
08.06.2022 02:00,9.74,0.00
08.06.2022 03:00,9.61,0.00
08.06.2022 04:00,9.31,0.00
08.06.2022 05:00,9.35,0.00
08.06.2022 06:00,17.33,2935.00
08.06.2022 07:00,19.56,2961.00
08.06.2022 08:00,19.95,2957.00
08.06.2022 09:00,20.42,2957.00
08.06.2022 10:00,20.89,2957.00
08.06.2022 11:00,20.68,2949.00
08.06.2022 12:00,21.1,2947.00
08.06.2022 13:00,21.02,2947.00
08.06.2022 14:00,21.28,2949.00
08.06.2022 15:00,21.4,2943.00
08.06.2022 16:00,21.36,2947.00
08.06.2022 17:00,21.49,2947.00
08.06.2022 18:00,21.45,2940.00
08.06.2022 19:00,21.58,2935.00
08.06.2022 20:00,21.53,2943.00
08.06.2022 21:00,20.55,1946.00
08.06.2022 22:00,11.02,0.00
08.06.2022 23:00,10.98,0.00
09.06.2022 00:00,10.42,0.00
09.06.2022 01:00,10.08,0.00
09.06.2022 02:00,9.86,0.00
09.06.2022 03:00,9.56,0.00
09.06.2022 04:00,9.52,0.00
09.06.2022 05:00,9.14,0.00
09.06.2022 06:00,17.5,2876.00
09.06.2022 07:00,19.56,2944.00
09.06.2022 08:00,20.16,2940.00
09.06.2022 09:00,20.46,2938.00
09.06.2022 10:00,20.98,2940.00
09.06.2022 11:00,20.98,2932.00
09.06.2022 12:00,21.06,2932.00
09.06.2022 13:00,21.23,2931.00
09.06.2022 14:00,21.32,2927.00
09.06.2022 15:00,21.45,2929.00
09.06.2022 16:00,21.49,2944.00
09.06.2022 17:00,21.49,2939.00
09.06.2022 18:00,21.49,2931.00
09.06.2022 19:00,21.62,2931.00
09.06.2022 20:00,21.62,2927.00
09.06.2022 21:00,20.63,1999.00
09.06.2022 22:00,11.11,0.00
09.06.2022 23:00,10.89,0.00
10.06.2022 00:00,10.25,0.00
10.06.2022 01:00,10.08,0.00
10.06.2022 02:00,9.74,0.00
10.06.2022 03:00,9.65,0.00
10.06.2022 04:00,9.35,0.00
10.06.2022 05:00,9.22,0.00
10.06.2022 06:00,17.63,2829.00
10.06.2022 07:00,19.82,2939.00
10.06.2022 08:00,20.12,2917.00
10.06.2022 09:00,20.33,2917.00
10.06.2022 10:00,21.02,2926.00
10.06.2022 11:00,21.06,2909.00
10.06.2022 12:00,21.15,2755.00
10.06.2022 13:00,21.32,2904.00
10.06.2022 14:00,21.45,2912.00
10.06.2022 15:00,21.49,2911.00
10.06.2022 16:00,21.53,2871.00
10.06.2022 17:00,18.57,1482.00
10.06.2022 18:00,18.96,1560.00
10.06.2022 19:00,19.17,1689.00
10.06.2022 20:00,19.26,1700.00
10.06.2022 21:00,18.53,1186.00
10.06.2022 22:00,10.42,0.00
10.06.2022 23:00,10.04,0.00
11.06.2022 00:00,9.78,0.00
11.06.2022 01:00,9.48,0.00
11.06.2022 02:00,9.14,0.00
11.06.2022 03:00,9.14,0.00
11.06.2022 04:00,9.05,0.00
11.06.2022 05:00,8.66,0.00
11.06.2022 06:00,15.27,1658.00
11.06.2022 07:00,18.14,1721.00
11.06.2022 08:00,19,1727.00
11.06.2022 09:00,19.35,1724.00
11.06.2022 10:00,19.95,1731.00
11.06.2022 11:00,19.9,1724.00
11.06.2022 12:00,20.03,1727.00
11.06.2022 13:00,20.07,1727.00
11.06.2022 14:00,19.99,1724.00
11.06.2022 15:00,20.25,1725.00
11.06.2022 16:00,20.2,1725.00
11.06.2022 17:00,20.33,1727.00
11.06.2022 18:00,20.37,1729.00
11.06.2022 19:00,20.33,1727.00
11.06.2022 20:00,20.42,1729.00
11.06.2022 21:00,19.73,1239.00
11.06.2022 22:00,10.85,0.00
11.06.2022 23:00,10.34,0.00
12.06.2022 00:00,9.99,0.00
12.06.2022 01:00,9.44,0.00
12.06.2022 02:00,9.35,0.00
12.06.2022 03:00,9.14,0.00
12.06.2022 04:00,8.83,0.00
12.06.2022 05:00,8.75,0.00
12.06.2022 06:00,15.53,1663.00
12.06.2022 07:00,18.32,1740.00
12.06.2022 08:00,19.17,1632.00
12.06.2022 09:00,19.52,1747.00
12.06.2022 10:00,20.03,1752.00
12.06.2022 11:00,19.99,1576.00
12.06.2022 12:00,20.12,1761.00
12.06.2022 13:00,20.16,1761.00
12.06.2022 14:00,20.16,1761.00
12.06.2022 15:00,20.29,1759.00
12.06.2022 16:00,20.37,1764.00
12.06.2022 17:00,20.29,1761.00
12.06.2022 18:00,20.42,1765.00
12.06.2022 19:00,20.46,1756.00
12.06.2022 20:00,20.42,1667.00
12.06.2022 21:00,20.16,1262.00
12.06.2022 22:00,10.46,0.00
12.06.2022 23:00,10.42,0.00
13.06.2022 00:00,9.78,0.00
13.06.2022 01:00,9.65,0.00
13.06.2022 02:00,9.39,0.00
13.06.2022 03:00,9.01,0.00
13.06.2022 04:00,9.14,0.00
13.06.2022 05:00,9.01,0.00
13.06.2022 06:00,15.61,1680.00
13.06.2022 07:00,18.53,1787.00
13.06.2022 08:00,19.3,1791.00
13.06.2022 09:00,19.6,1782.00
13.06.2022 10:00,19.69,1782.00
13.06.2022 11:00,20.12,1791.00
13.06.2022 12:00,20.29,1759.00
13.06.2022 13:00,20.29,1785.00
13.06.2022 14:00,20.42,1791.00
13.06.2022 15:00,20.5,1793.00
13.06.2022 16:00,20.42,1788.00
13.06.2022 17:00,20.59,1745.00
13.06.2022 18:00,20.68,1796.00
13.06.2022 19:00,20.63,1784.00
13.06.2022 20:00,20.68,1796.00
13.06.2022 21:00,20.29,1321.00
13.06.2022 22:00,10.68,0.00
13.06.2022 23:00,10.46,0.00
14.06.2022 00:00,10.04,0.00
14.06.2022 01:00,9.78,0.00
14.06.2022 02:00,9.56,0.00
14.06.2022 03:00,9.44,0.00
14.06.2022 04:00,9.18,0.00
14.06.2022 05:00,9.18,0.00
14.06.2022 06:00,15.78,1668.00
14.06.2022 07:00,18.66,1795.00
14.06.2022 08:00,19.47,1677.00
14.06.2022 09:00,19.82,1649.00
14.06.2022 10:00,20.03,1761.00
14.06.2022 11:00,20.25,1796.00
14.06.2022 12:00,20.33,1795.00
14.06.2022 13:00,20.5,1796.00
14.06.2022 14:00,20.55,1798.00
14.06.2022 15:00,20.76,1800.00
14.06.2022 16:00,20.72,1800.00
14.06.2022 17:00,20.76,1798.00
14.06.2022 18:00,20.85,1798.00
14.06.2022 19:00,20.98,1802.00
14.06.2022 20:00,20.93,1803.00
14.06.2022 21:00,20.5,1348.00
14.06.2022 22:00,10.59,0.00
14.06.2022 23:00,10.64,0.00
15.06.2022 00:00,10.34,0.00
15.06.2022 01:00,9.69,0.00
15.06.2022 02:00,9.78,0.00
15.06.2022 03:00,9.44,0.00
15.06.2022 04:00,9.31,0.00
15.06.2022 05:00,9.31,0.00
15.06.2022 06:00,16.17,1662.00
15.06.2022 07:00,19.13,1802.00
15.06.2022 08:00,19.69,1803.00
15.06.2022 09:00,19.9,1805.00
15.06.2022 10:00,20.72,1808.00
15.06.2022 11:00,20.46,1802.00
15.06.2022 12:00,20.55,1803.00
15.06.2022 13:00,20.72,1805.00
15.06.2022 14:00,20.76,1766.00
15.06.2022 15:00,20.76,1766.00
15.06.2022 16:00,20.85,1765.00
15.06.2022 17:00,20.85,1766.00
15.06.2022 18:00,21.02,1770.00
15.06.2022 19:00,21.02,1768.00
15.06.2022 20:00,21.19,1770.00
15.06.2022 21:00,20.55,1353.00
15.06.2022 22:00,10.64,0.00
15.06.2022 23:00,10.51,0.00
16.06.2022 00:00,10.08,0.00
16.06.2022 01:00,9.99,0.00
16.06.2022 02:00,9.65,0.00
16.06.2022 03:00,9.65,0.00
16.06.2022 04:00,9.26,0.00
16.06.2022 05:00,9.14,0.00
16.06.2022 06:00,16.21,1576.00
16.06.2022 07:00,19.26,1769.00
16.06.2022 08:00,19.86,1770.00
16.06.2022 09:00,20.2,1773.00
16.06.2022 10:00,20.76,1773.00
16.06.2022 11:00,20.63,1771.00
16.06.2022 12:00,20.72,1770.00
16.06.2022 13:00,20.89,1767.00
16.06.2022 14:00,21.02,1773.00
16.06.2022 15:00,20.85,1173.00
16.06.2022 16:00,20.89,1285.00
16.06.2022 17:00,20.89,1662.00
16.06.2022 18:00,20.98,1668.00
16.06.2022 19:00,21.1,1667.00
16.06.2022 20:00,21.06,1590.00
16.06.2022 21:00,20.76,1258.00
16.06.2022 22:00,10.55,0.00
16.06.2022 23:00,10.72,0.00
17.06.2022 00:00,10.21,0.00
17.06.2022 01:00,9.78,0.00
17.06.2022 02:00,9.69,0.00
17.06.2022 03:00,9.44,0.00
17.06.2022 04:00,9.35,0.00
17.06.2022 05:00,9.18,0.00
17.06.2022 06:00,16.04,1456.00
17.06.2022 07:00,19.35,1665.00
17.06.2022 08:00,19.86,1665.00
17.06.2022 09:00,20.16,1670.00
17.06.2022 10:00,21.06,1677.00
17.06.2022 11:00,20.63,1666.00
17.06.2022 12:00,20.63,1665.00
17.06.2022 13:00,20.85,1668.00
17.06.2022 14:00,20.89,1667.00
17.06.2022 15:00,20.93,1665.00
17.06.2022 16:00,20.93,1664.00
17.06.2022 17:00,21.06,1666.00
17.06.2022 18:00,21.02,1665.00
17.06.2022 19:00,21.1,1664.00
17.06.2022 20:00,21.15,1665.00
17.06.2022 21:00,20.98,1307.00
17.06.2022 22:00,10.77,0.00
17.06.2022 23:00,10.55,0.00
18.06.2022 00:00,10.29,0.00
18.06.2022 01:00,9.99,0.00
18.06.2022 02:00,9.61,0.00
18.06.2022 03:00,9.48,0.00
18.06.2022 04:00,9.44,0.00
18.06.2022 05:00,9.09,0.00
18.06.2022 06:00,16.08,1452.00
18.06.2022 07:00,19.43,1666.00
18.06.2022 08:00,19.95,1664.00
18.06.2022 09:00,20.25,1668.00
18.06.2022 10:00,20.8,1670.00
18.06.2022 11:00,20.68,1665.00
18.06.2022 12:00,20.76,1663.00
18.06.2022 13:00,20.8,1664.00
18.06.2022 14:00,20.93,1663.00
18.06.2022 15:00,20.98,1665.00
18.06.2022 16:00,21.06,1664.00
18.06.2022 17:00,21.15,1665.00
18.06.2022 18:00,21.28,1667.00
18.06.2022 19:00,21.28,1665.00
18.06.2022 20:00,21.23,1661.00
18.06.2022 21:00,21.06,1334.00
18.06.2022 22:00,10.77,0.00
18.06.2022 23:00,10.59,0.00
19.06.2022 00:00,10.08,0.00
19.06.2022 01:00,9.86,0.00
19.06.2022 02:00,9.74,0.00
19.06.2022 03:00,9.35,0.00
19.06.2022 04:00,9.39,0.00
19.06.2022 05:00,8.83,0.00
19.06.2022 06:00,15.91,1423.00
19.06.2022 07:00,19.56,1667.00
19.06.2022 08:00,19.9,1665.00
19.06.2022 09:00,20.07,1663.00
19.06.2022 10:00,20.93,1672.00
19.06.2022 11:00,20.63,1663.00
19.06.2022 12:00,20.85,1667.00
19.06.2022 13:00,20.85,1665.00
19.06.2022 14:00,21.02,1663.00
19.06.2022 15:00,21.06,1663.00
19.06.2022 16:00,21.1,1665.00
19.06.2022 17:00,21.19,1665.00
19.06.2022 18:00,21.19,1663.00
19.06.2022 19:00,21.23,1668.00
19.06.2022 20:00,21.19,1663.00
19.06.2022 21:00,21.15,1340.00
19.06.2022 22:00,10.64,0.00
19.06.2022 23:00,10.42,0.00
20.06.2022 00:00,9.86,0.00
20.06.2022 01:00,9.82,0.00
20.06.2022 02:00,9.78,0.00
20.06.2022 03:00,9.35,0.00
20.06.2022 04:00,9.44,0.00
20.06.2022 05:00,9.09,0.00
20.06.2022 06:00,15.87,1398.00
20.06.2022 07:00,19.47,1664.00
20.06.2022 08:00,20.07,1664.00
20.06.2022 09:00,20.46,1668.00
20.06.2022 10:00,20.25,1658.00
20.06.2022 11:00,20.68,1664.00
20.06.2022 12:00,20.93,1664.00
20.06.2022 13:00,21.02,1677.00
20.06.2022 14:00,18.74,2673.00
20.06.2022 15:00,18.79,2710.00
20.06.2022 16:00,19.17,2790.00
20.06.2022 17:00,19.26,2801.00
20.06.2022 18:00,19.22,2801.00
20.06.2022 19:00,19.52,2829.00
20.06.2022 20:00,20.12,2816.00
20.06.2022 21:00,20.46,2308.00
20.06.2022 22:00,10.59,0.00
20.06.2022 23:00,10.04,0.00
21.06.2022 00:00,9.48,0.00
21.06.2022 01:00,9.22,0.00
21.06.2022 02:00,8.96,0.00
21.06.2022 03:00,8.96,0.00
21.06.2022 04:00,8.79,0.00
21.06.2022 05:00,8.79,26.00
21.06.2022 06:00,16.86,2776.00
21.06.2022 07:00,18.87,2783.00
21.06.2022 08:00,19.6,2784.00
21.06.2022 09:00,19.86,2788.00
21.06.2022 10:00,20.46,2799.00
21.06.2022 11:00,20.29,2790.00
21.06.2022 12:00,20.16,2784.00
21.06.2022 13:00,20.42,2790.00
21.06.2022 14:00,20.46,2788.00
21.06.2022 15:00,20.33,2789.00
21.06.2022 16:00,20.37,2788.00
21.06.2022 17:00,20.63,2790.00
21.06.2022 18:00,20.55,2790.00
21.06.2022 19:00,20.55,2793.00
21.06.2022 20:00,20.72,2798.00
21.06.2022 21:00,20.42,2371.00
21.06.2022 22:00,10.46,0.00
21.06.2022 23:00,9.82,0.00
22.06.2022 00:00,9.74,0.00
22.06.2022 01:00,9.26,0.00
22.06.2022 02:00,9.26,0.00
22.06.2022 03:00,9.05,0.00
22.06.2022 04:00,8.66,0.00
22.06.2022 05:00,8.88,26.00
22.06.2022 06:00,17.2,2801.00
22.06.2022 07:00,19.3,2799.00
22.06.2022 08:00,19.6,2790.00
22.06.2022 09:00,20.12,2793.00
22.06.2022 10:00,20.63,2807.00
22.06.2022 11:00,20.55,2799.00
22.06.2022 12:00,20.37,2796.00
22.06.2022 13:00,20.68,2796.00
22.06.2022 14:00,20.55,2798.00
22.06.2022 15:00,20.85,2801.00
22.06.2022 16:00,20.76,2798.00
22.06.2022 17:00,20.8,2794.00
22.06.2022 18:00,20.93,2798.00
22.06.2022 19:00,20.98,2799.00
22.06.2022 20:00,20.85,2796.00
22.06.2022 21:00,20.93,2421.00
22.06.2022 22:00,10.59,0.00
22.06.2022 23:00,10.42,0.00
23.06.2022 00:00,9.91,0.00
23.06.2022 01:00,9.56,0.00
23.06.2022 02:00,9.39,0.00
23.06.2022 03:00,9.35,0.00
23.06.2022 04:00,8.96,0.00
23.06.2022 05:00,9.18,26.00
23.06.2022 06:00,17.8,2802.00
23.06.2022 07:00,19.6,2793.00
23.06.2022 08:00,20.07,2798.00
23.06.2022 09:00,20.16,2798.00
23.06.2022 10:00,21.06,2810.00
23.06.2022 11:00,20.63,2794.00
23.06.2022 12:00,20.93,2798.00
23.06.2022 13:00,20.68,2790.00
23.06.2022 14:00,20.85,2793.00
23.06.2022 15:00,20.89,2798.00
23.06.2022 16:00,21.02,2646.00
23.06.2022 17:00,20.93,2798.00
23.06.2022 18:00,21.28,2853.00
23.06.2022 19:00,21.36,2865.00
23.06.2022 20:00,21.23,2862.00
23.06.2022 21:00,21.4,2486.00
23.06.2022 22:00,11.28,0.00
23.06.2022 23:00,10.72,0.00
24.06.2022 00:00,10.04,0.00
24.06.2022 01:00,9.95,0.00
24.06.2022 02:00,9.69,0.00
24.06.2022 03:00,9.44,0.00
24.06.2022 04:00,9.35,0.00
24.06.2022 05:00,9.22,25.00
24.06.2022 06:00,17.59,2862.00
24.06.2022 07:00,19.77,2853.00
24.06.2022 08:00,20.29,2857.00
24.06.2022 09:00,20.5,2852.00
24.06.2022 10:00,21.32,2822.00
24.06.2022 11:00,20.89,2802.00
24.06.2022 12:00,20.98,2799.00
24.06.2022 13:00,20.89,2796.00
24.06.2022 14:00,21.15,2796.00
24.06.2022 15:00,21.32,2799.00
24.06.2022 16:00,21.19,2793.00
24.06.2022 17:00,21.19,2798.00
24.06.2022 18:00,21.4,2798.00
24.06.2022 19:00,21.4,2799.00
24.06.2022 20:00,21.23,2793.00
24.06.2022 21:00,21.23,2464.00
24.06.2022 22:00,10.77,0.00
24.06.2022 23:00,10.34,0.00
25.06.2022 00:00,10.16,0.00
25.06.2022 01:00,9.78,0.00
25.06.2022 02:00,9.44,0.00
25.06.2022 03:00,9.44,0.00
25.06.2022 04:00,9.22,0.00
25.06.2022 05:00,9.09,26.00
25.06.2022 06:00,18.02,2794.00
25.06.2022 07:00,20.2,2856.00
25.06.2022 08:00,20.5,2862.00
25.06.2022 09:00,20.76,2857.00
25.06.2022 10:00,21.23,2860.00
25.06.2022 11:00,21.23,2852.00
25.06.2022 12:00,21.28,2848.00
25.06.2022 13:00,21.32,2848.00
25.06.2022 14:00,21.32,2845.00
25.06.2022 15:00,20.93,1897.00
25.06.2022 16:00,20.55,2443.00
25.06.2022 17:00,20.55,1964.00
25.06.2022 18:00,21.06,2586.00
25.06.2022 19:00,21.06,2577.00
25.06.2022 20:00,21.28,2586.00
25.06.2022 21:00,21.1,2316.00
25.06.2022 22:00,11.19,0.00
25.06.2022 23:00,10.51,0.00
26.06.2022 00:00,10.08,0.00
26.06.2022 01:00,9.74,0.00
26.06.2022 02:00,9.52,0.00
26.06.2022 03:00,9.44,0.00
26.06.2022 04:00,9.22,0.00
26.06.2022 05:00,9.18,0.00
26.06.2022 06:00,17.8,2576.00
26.06.2022 07:00,19.86,2543.00
26.06.2022 08:00,20.12,2547.00
26.06.2022 09:00,20.37,2547.00
26.06.2022 10:00,20.85,2543.00
26.06.2022 11:00,20.72,2536.00
26.06.2022 12:00,21.02,2540.00
26.06.2022 13:00,20.93,2538.00
26.06.2022 14:00,21.02,2533.00
26.06.2022 15:00,21.15,2541.00
26.06.2022 16:00,21.23,2540.00
26.06.2022 17:00,21.06,2533.00
26.06.2022 18:00,21.28,2541.00
26.06.2022 19:00,21.28,2540.00
26.06.2022 20:00,21.32,2540.00
26.06.2022 21:00,21.23,2278.00
26.06.2022 22:00,10.77,0.00
26.06.2022 23:00,10.12,0.00
27.06.2022 00:00,9.91,0.00
27.06.2022 01:00,9.99,0.00
27.06.2022 02:00,9.22,0.00
27.06.2022 03:00,9.44,0.00
27.06.2022 04:00,9.22,0.00
27.06.2022 05:00,9.18,0.00
27.06.2022 06:00,17.89,2487.00
27.06.2022 07:00,20.07,2538.00
27.06.2022 08:00,20.33,2540.00
27.06.2022 09:00,20.5,2538.00
27.06.2022 10:00,21.02,2540.00
27.06.2022 11:00,20.68,2530.00
27.06.2022 12:00,20.98,2533.00
27.06.2022 13:00,21.06,2536.00
27.06.2022 14:00,21.02,2533.00
27.06.2022 15:00,21.15,2535.00
27.06.2022 16:00,21.06,2528.00
27.06.2022 17:00,21.23,2533.00
27.06.2022 18:00,21.23,2530.00
27.06.2022 19:00,21.23,2524.00
27.06.2022 20:00,21.32,2531.00
27.06.2022 21:00,21.28,2314.00
27.06.2022 22:00,11.02,0.00
27.06.2022 23:00,9.91,0.00
28.06.2022 00:00,10.12,0.00
28.06.2022 01:00,9.65,0.00
28.06.2022 02:00,9.61,0.00
28.06.2022 03:00,9.31,0.00
28.06.2022 04:00,9.44,0.00
28.06.2022 05:00,9.05,0.00
28.06.2022 06:00,17.5,2438.00
28.06.2022 07:00,20.07,2493.00
28.06.2022 08:00,20.29,2495.00
28.06.2022 09:00,20.37,2492.00
28.06.2022 10:00,21.15,2504.00
28.06.2022 11:00,20.85,2492.00
28.06.2022 12:00,20.8,2489.00
28.06.2022 13:00,21.02,2493.00
28.06.2022 14:00,21.19,2495.00
28.06.2022 15:00,21.1,2492.00
28.06.2022 16:00,21.23,2492.00
28.06.2022 17:00,21.23,2551.00
28.06.2022 18:00,21.32,2551.00
28.06.2022 19:00,24.41,9462.00
28.06.2022 20:00,24.32,10670.00
28.06.2022 21:00,24.54,9961.00
28.06.2022 22:00,11.49,0.00
28.06.2022 23:00,9.22,0.00
29.06.2022 00:00,8.96,0.00
29.06.2022 01:00,8.79,0.00
29.06.2022 02:00,8.75,0.00
29.06.2022 03:00,8.88,0.00
29.06.2022 04:00,8.96,0.00
29.06.2022 05:00,9.22,0.00
29.06.2022 06:00,20.72,10171.00
29.06.2022 07:00,23.94,10237.00
29.06.2022 08:00,23.94,10232.00
29.06.2022 09:00,24.11,10237.00
29.06.2022 10:00,24.66,10813.00
29.06.2022 11:00,24.58,10778.00
29.06.2022 12:00,24.66,10793.00
29.06.2022 13:00,24.54,10747.00
29.06.2022 14:00,24.62,10767.00
29.06.2022 15:00,24.49,10767.00
29.06.2022 16:00,24.66,10778.00
29.06.2022 17:00,24.49,10783.00
29.06.2022 18:00,24.54,10788.00
29.06.2022 19:00,24.62,10788.00
29.06.2022 20:00,24.58,10788.00
29.06.2022 21:00,24.62,10079.00
29.06.2022 22:00,11.49,0.00
29.06.2022 23:00,9.14,0.00
30.06.2022 00:00,9.01,0.00
30.06.2022 01:00,8.92,0.00
30.06.2022 02:00,8.92,0.00
30.06.2022 03:00,8.83,0.00
30.06.2022 04:00,8.96,0.00
30.06.2022 05:00,8.71,0.00
30.06.2022 06:00,20.55,10066.00
30.06.2022 07:00,23.81,10225.00
30.06.2022 08:00,24.15,10278.00
30.06.2022 09:00,24.11,10284.00
30.06.2022 10:00,24.62,10716.00
30.06.2022 11:00,24.49,10788.00
30.06.2022 12:00,24.58,10788.00
30.06.2022 13:00,24.58,10803.00
30.06.2022 14:00,24.71,10813.00
30.06.2022 15:00,24.75,10803.00
30.06.2022 16:00,24.58,10757.00
30.06.2022 17:00,24.66,10767.00
30.06.2022 18:00,24.58,10778.00
30.06.2022 19:00,24.84,10813.00
30.06.2022 20:00,24.66,10762.00
30.06.2022 21:00,24.75,10204.00
30.06.2022 22:00,11.58,0.00
30.06.2022 23:00,9.05,0.00
01.07.2022 00:00,8.96,0.00
01.07.2022 01:00,8.92,0.00
01.07.2022 02:00,8.92,0.00
01.07.2022 03:00,8.96,0.00
01.07.2022 04:00,8.92,0.00
01.07.2022 05:00,8.92,0.00
01.07.2022 06:00,20.29,10002.00
01.07.2022 07:00,23.98,10237.00
01.07.2022 08:00,24.02,10291.00
01.07.2022 09:00,24.58,10803.00
01.07.2022 10:00,24.97,10788.00
01.07.2022 11:00,24.49,10747.00
01.07.2022 12:00,24.45,10711.00
01.07.2022 13:00,24.49,10747.00
01.07.2022 14:00,24.45,10762.00
01.07.2022 15:00,24.06,10225.00
01.07.2022 16:00,24.54,10778.00
01.07.2022 17:00,24.45,10757.00
01.07.2022 18:00,24.45,10742.00
01.07.2022 19:00,25.31,10383.00
01.07.2022 20:00,25.39,10368.00
01.07.2022 21:00,25.57,9961.00
01.07.2022 22:00,12.27,0.00
01.07.2022 23:00,9.14,0.00
02.07.2022 00:00,9.14,0.00
02.07.2022 01:00,8.79,0.00
02.07.2022 02:00,8.92,0.00
02.07.2022 03:00,8.96,0.00
02.07.2022 04:00,8.92,0.00
02.07.2022 05:00,8.92,0.00
02.07.2022 06:00,20.46,9725.00
02.07.2022 07:00,24.97,10291.00
02.07.2022 08:00,25.44,10330.00
02.07.2022 09:00,25.39,10324.00
02.07.2022 10:00,25.48,10304.00
02.07.2022 11:00,25.44,10291.00
02.07.2022 12:00,25.44,10296.00
02.07.2022 13:00,25.52,10317.00
02.07.2022 14:00,25.44,10330.00
02.07.2022 15:00,25.35,10330.00
02.07.2022 16:00,25.44,10342.00
02.07.2022 17:00,25.35,10330.00
02.07.2022 18:00,25.44,10317.00
02.07.2022 19:00,25.61,10330.00
02.07.2022 20:00,25.31,10330.00
02.07.2022 21:00,25.35,10199.00
02.07.2022 22:00,12.35,0.00
02.07.2022 23:00,9.22,0.00
03.07.2022 00:00,9.05,0.00
03.07.2022 01:00,8.96,0.00
03.07.2022 02:00,8.96,0.00
03.07.2022 03:00,9.01,0.00
03.07.2022 04:00,8.88,0.00
03.07.2022 05:00,8.83,0.00
03.07.2022 06:00,20.29,9592.00
03.07.2022 07:00,25.01,10291.00
03.07.2022 08:00,25.31,10291.00
03.07.2022 09:00,25.61,10337.00
03.07.2022 10:00,25.87,10414.00
03.07.2022 11:00,25.48,10324.00
03.07.2022 12:00,25.52,10304.00
03.07.2022 13:00,25.48,10355.00
03.07.2022 14:00,25.57,10324.00
03.07.2022 15:00,25.52,10330.00
03.07.2022 16:00,25.52,10350.00
03.07.2022 17:00,25.35,10309.00
03.07.2022 18:00,25.57,10337.00
03.07.2022 19:00,25.57,10304.00
03.07.2022 20:00,25.39,10309.00
03.07.2022 21:00,25.65,10212.00
03.07.2022 22:00,12.48,0.00
03.07.2022 23:00,9.31,0.00
04.07.2022 00:00,9.05,0.00
04.07.2022 01:00,8.79,0.00
04.07.2022 02:00,8.92,0.00
04.07.2022 03:00,8.96,0.00
04.07.2022 04:00,8.83,0.00
04.07.2022 05:00,8.92,0.00
04.07.2022 06:00,20.07,9416.00
04.07.2022 07:00,24.97,10250.00
04.07.2022 08:00,25.39,10284.00
04.07.2022 09:00,25.35,10278.00
04.07.2022 10:00,25.82,10401.00
04.07.2022 11:00,25.48,10296.00
04.07.2022 12:00,25.61,10309.00
04.07.2022 13:00,25.44,10284.00
04.07.2022 14:00,25.39,10284.00
04.07.2022 15:00,25.35,10291.00
04.07.2022 16:00,25.48,10291.00
04.07.2022 17:00,25.35,10284.00
04.07.2022 18:00,25.44,10291.00
04.07.2022 19:00,25.48,10291.00
04.07.2022 20:00,25.44,10291.00
04.07.2022 21:00,25.31,10309.00
04.07.2022 22:00,12.87,0.00
04.07.2022 23:00,9.14,0.00
05.07.2022 00:00,8.96,0.00
05.07.2022 01:00,8.88,0.00
05.07.2022 02:00,8.96,0.00
05.07.2022 03:00,8.79,0.00
05.07.2022 04:00,8.83,0.00
05.07.2022 05:00,9.05,0.00
05.07.2022 06:00,19.95,9395.00
05.07.2022 07:00,25.01,10237.00
05.07.2022 08:00,25.31,10271.00
05.07.2022 09:00,25.35,10284.00
05.07.2022 10:00,25.91,10409.00
05.07.2022 11:00,25.48,10296.00
05.07.2022 12:00,25.39,10278.00
05.07.2022 13:00,25.52,10278.00
05.07.2022 14:00,25.39,10296.00
05.07.2022 15:00,25.44,10284.00
05.07.2022 16:00,25.61,10304.00
05.07.2022 17:00,25.44,10291.00
05.07.2022 18:00,25.27,10291.00
05.07.2022 19:00,25.35,10263.00
05.07.2022 20:00,25.39,10291.00
05.07.2022 21:00,25.44,10284.00
05.07.2022 22:00,12.57,114.00
05.07.2022 23:00,9.44,0.00
06.07.2022 00:00,9.01,0.00
06.07.2022 01:00,8.88,0.00
06.07.2022 02:00,8.75,0.00
06.07.2022 03:00,8.83,0.00
06.07.2022 04:00,9.05,0.00
06.07.2022 05:00,8.96,0.00
06.07.2022 06:00,19.9,9239.00
06.07.2022 07:00,25.05,10263.00
06.07.2022 08:00,25.39,10278.00
06.07.2022 09:00,25.39,10291.00
06.07.2022 10:00,25.39,10355.00
06.07.2022 11:00,25.52,10309.00
06.07.2022 12:00,25.48,10291.00
06.07.2022 13:00,25.39,10271.00
06.07.2022 14:00,25.52,10296.00
06.07.2022 15:00,25.44,10271.00
06.07.2022 16:00,25.44,10291.00
06.07.2022 17:00,25.48,10278.00
06.07.2022 18:00,25.35,10291.00
06.07.2022 19:00,25.44,10291.00
06.07.2022 20:00,25.48,10278.00
06.07.2022 21:00,25.44,10271.00
06.07.2022 22:00,12.78,114.00
06.07.2022 23:00,9.18,0.00
07.07.2022 00:00,9.09,0.00
07.07.2022 01:00,8.71,0.00
07.07.2022 02:00,8.92,0.00
07.07.2022 03:00,8.96,0.00
07.07.2022 04:00,8.79,0.00
07.07.2022 05:00,8.79,0.00
07.07.2022 06:00,19.56,9073.00
07.07.2022 07:00,24.97,10250.00
07.07.2022 08:00,25.44,10291.00
07.07.2022 09:00,25.44,10296.00
07.07.2022 10:00,25.82,10388.00
07.07.2022 11:00,25.44,10309.00
07.07.2022 12:00,25.44,10278.00
07.07.2022 13:00,25.48,10304.00
07.07.2022 14:00,25.69,10330.00
07.07.2022 15:00,25.52,10278.00
07.07.2022 16:00,25.57,10291.00
07.07.2022 17:00,25.61,10284.00
07.07.2022 18:00,25.57,10263.00
07.07.2022 19:00,25.52,10271.00
07.07.2022 20:00,25.39,10263.00
07.07.2022 21:00,25.57,10291.00
07.07.2022 22:00,13.12,114.00
07.07.2022 23:00,9.31,0.00
08.07.2022 00:00,9.01,0.00
08.07.2022 01:00,9.05,0.00
08.07.2022 02:00,8.92,0.00
08.07.2022 03:00,8.88,0.00
08.07.2022 04:00,8.96,0.00
08.07.2022 05:00,9.09,0.00
08.07.2022 06:00,19.47,9021.00
08.07.2022 07:00,25.01,10199.00
08.07.2022 08:00,25.44,10258.00
08.07.2022 09:00,25.44,10263.00
08.07.2022 10:00,26.04,10376.00
08.07.2022 11:00,25.57,10250.00
08.07.2022 12:00,25.35,10250.00
08.07.2022 13:00,25.52,10263.00
08.07.2022 14:00,25.27,10237.00
08.07.2022 15:00,25.48,10284.00
08.07.2022 16:00,25.39,10250.00
08.07.2022 17:00,25.57,10250.00
08.07.2022 18:00,25.48,10291.00
08.07.2022 19:00,25.52,10291.00
08.07.2022 20:00,25.31,10237.00
08.07.2022 21:00,25.52,10296.00
08.07.2022 22:00,13.12,115.00
08.07.2022 23:00,9.18,0.00
09.07.2022 00:00,9.01,0.00
09.07.2022 01:00,9.05,0.00
09.07.2022 02:00,8.92,0.00
09.07.2022 03:00,8.88,0.00
09.07.2022 04:00,8.83,0.00
09.07.2022 05:00,8.88,0.00
09.07.2022 06:00,19.22,8691.00
09.07.2022 07:00,25.09,10245.00
09.07.2022 08:00,25.31,10271.00
09.07.2022 09:00,25.35,10258.00
09.07.2022 10:00,25.91,10376.00
09.07.2022 11:00,25.39,10258.00
09.07.2022 12:00,25.52,10278.00
09.07.2022 13:00,25.27,10245.00
09.07.2022 14:00,25.61,10296.00
09.07.2022 15:00,25.48,10263.00
09.07.2022 16:00,25.52,10284.00
09.07.2022 17:00,25.31,10237.00
09.07.2022 18:00,25.39,10284.00
09.07.2022 19:00,25.44,10271.00
09.07.2022 20:00,25.44,10278.00
09.07.2022 21:00,25.39,10278.00
09.07.2022 22:00,13.25,113.00
09.07.2022 23:00,9.31,0.00
10.07.2022 00:00,9.09,0.00
10.07.2022 01:00,8.92,0.00
10.07.2022 02:00,8.83,0.00
10.07.2022 03:00,8.88,0.00
10.07.2022 04:00,8.88,0.00
10.07.2022 05:00,8.88,0.00
10.07.2022 06:00,19.22,8540.00
10.07.2022 07:00,24.97,10237.00
10.07.2022 08:00,25.35,10271.00
10.07.2022 09:00,25.44,10263.00
10.07.2022 10:00,25.95,10304.00
10.07.2022 11:00,25.52,10271.00
10.07.2022 12:00,25.44,10291.00
10.07.2022 13:00,25.57,10250.00
10.07.2022 14:00,25.52,10278.00
10.07.2022 15:00,25.52,10284.00
10.07.2022 16:00,25.31,10245.00
10.07.2022 17:00,25.39,10258.00
10.07.2022 18:00,25.52,10263.00
10.07.2022 19:00,25.31,10258.00
10.07.2022 20:00,25.48,10278.00
10.07.2022 21:00,25.57,10291.00
10.07.2022 22:00,13.34,115.00
10.07.2022 23:00,9.22,0.00
11.07.2022 00:00,9.14,0.00
11.07.2022 01:00,8.79,0.00
11.07.2022 02:00,8.96,0.00
11.07.2022 03:00,8.88,0.00
11.07.2022 04:00,8.83,0.00
11.07.2022 05:00,9.05,0.00
11.07.2022 06:00,18.96,8468.00
11.07.2022 07:00,25.01,10271.00
11.07.2022 08:00,25.22,10258.00
11.07.2022 09:00,25.39,10284.00
11.07.2022 10:00,25.61,10383.00
11.07.2022 11:00,25.48,10304.00
11.07.2022 12:00,25.35,10271.00
11.07.2022 13:00,25.48,10291.00
11.07.2022 14:00,25.44,10291.00
11.07.2022 15:00,25.44,10304.00
11.07.2022 16:00,25.39,10296.00
11.07.2022 17:00,25.39,10250.00
11.07.2022 18:00,25.52,10309.00
11.07.2022 19:00,25.48,10284.00
11.07.2022 20:00,25.35,10291.00
11.07.2022 21:00,25.57,10296.00
11.07.2022 22:00,13.6,115.00
11.07.2022 23:00,9.39,0.00
12.07.2022 00:00,8.96,0.00
12.07.2022 01:00,8.83,0.00
12.07.2022 02:00,8.92,0.00
12.07.2022 03:00,8.83,0.00
12.07.2022 04:00,8.75,0.00
12.07.2022 05:00,8.88,0.00
12.07.2022 06:00,18.79,8325.00
12.07.2022 07:00,25.01,10263.00
12.07.2022 08:00,25.44,10278.00
12.07.2022 09:00,25.52,10291.00
12.07.2022 10:00,26.04,10388.00
12.07.2022 11:00,25.52,10296.00
12.07.2022 12:00,25.48,10245.00
12.07.2022 13:00,25.65,10278.00
12.07.2022 14:00,25.44,10258.00
12.07.2022 15:00,25.48,10291.00
12.07.2022 16:00,25.44,10291.00
12.07.2022 17:00,25.52,10324.00
12.07.2022 18:00,25.52,10258.00
12.07.2022 19:00,25.48,10263.00
12.07.2022 20:00,25.61,10291.00
12.07.2022 21:00,25.35,10278.00
12.07.2022 22:00,13.85,116.00
12.07.2022 23:00,9.14,0.00
13.07.2022 00:00,9.09,0.00
13.07.2022 01:00,8.75,0.00
13.07.2022 02:00,9.01,0.00
13.07.2022 03:00,8.83,0.00
13.07.2022 04:00,9.05,0.00
13.07.2022 05:00,8.83,0.00
13.07.2022 06:00,18.66,8154.00
13.07.2022 07:00,24.84,10250.00
13.07.2022 08:00,25.35,10284.00
13.07.2022 09:00,25.48,10284.00
13.07.2022 10:00,25.44,10278.00
13.07.2022 11:00,25.44,10258.00
13.07.2022 12:00,25.52,10284.00
13.07.2022 13:00,25.35,10237.00
13.07.2022 14:00,25.44,10271.00
13.07.2022 15:00,25.57,10291.00
13.07.2022 16:00,25.39,10263.00
13.07.2022 17:00,25.39,10296.00
13.07.2022 18:00,25.65,10296.00
13.07.2022 19:00,25.39,10284.00
13.07.2022 20:00,25.35,10291.00
13.07.2022 21:00,25.57,10296.00
13.07.2022 22:00,13.81,117.00
13.07.2022 23:00,9.22,0.00
14.07.2022 00:00,9.09,0.00
14.07.2022 01:00,8.75,0.00
14.07.2022 02:00,8.96,0.00
14.07.2022 03:00,8.92,0.00
14.07.2022 04:00,8.88,0.00
14.07.2022 05:00,8.83,0.00
14.07.2022 06:00,18.4,7990.00
14.07.2022 07:00,25.05,10317.00
14.07.2022 08:00,25.39,10278.00
14.07.2022 09:00,25.44,10263.00
14.07.2022 10:00,25.18,10291.00
14.07.2022 11:00,25.44,10278.00
14.07.2022 12:00,25.39,10258.00
14.07.2022 13:00,25.52,10291.00
14.07.2022 14:00,25.52,10291.00
14.07.2022 15:00,25.48,10278.00
14.07.2022 16:00,25.31,10278.00
14.07.2022 17:00,25.57,10304.00
14.07.2022 18:00,25.44,10291.00
14.07.2022 19:00,25.31,10271.00
14.07.2022 20:00,25.57,10304.00
14.07.2022 21:00,25.48,10309.00
14.07.2022 22:00,13.94,121.00
14.07.2022 23:00,9.48,0.00
15.07.2022 00:00,8.96,0.00
15.07.2022 01:00,8.88,0.00
15.07.2022 02:00,8.92,0.00
15.07.2022 03:00,8.92,0.00
15.07.2022 04:00,8.96,0.00
15.07.2022 05:00,8.75,0.00
15.07.2022 06:00,18.36,7974.00
15.07.2022 07:00,24.92,10250.00
15.07.2022 08:00,25.52,10291.00
15.07.2022 09:00,25.18,10232.00
15.07.2022 10:00,25.27,10296.00
15.07.2022 11:00,25.57,10284.00
15.07.2022 12:00,25.57,10263.00
15.07.2022 13:00,25.57,10225.00
15.07.2022 14:00,25.65,10250.00
15.07.2022 15:00,25.57,10237.00
15.07.2022 16:00,25.48,10284.00
15.07.2022 17:00,25.44,10263.00
15.07.2022 18:00,25.39,10258.00
15.07.2022 19:00,25.52,10245.00
15.07.2022 20:00,25.35,10237.00
15.07.2022 21:00,25.39,10232.00
15.07.2022 22:00,14.15,125.00
15.07.2022 23:00,9.14,0.00
16.07.2022 00:00,9.09,0.00
16.07.2022 01:00,8.79,0.00
16.07.2022 02:00,8.79,0.00
16.07.2022 03:00,8.96,0.00
16.07.2022 04:00,8.79,0.00
16.07.2022 05:00,8.92,0.00
16.07.2022 06:00,11.02,1885.00
16.07.2022 07:00,24.45,10337.00
16.07.2022 08:00,25.22,10258.00
16.07.2022 09:00,25.31,10237.00
16.07.2022 10:00,25.65,10342.00
16.07.2022 11:00,25.52,10245.00
16.07.2022 12:00,25.39,10263.00
16.07.2022 13:00,25.39,10258.00
16.07.2022 14:00,25.39,10258.00
16.07.2022 15:00,25.44,10291.00
16.07.2022 16:00,25.35,10271.00
16.07.2022 17:00,25.39,10258.00
16.07.2022 18:00,25.31,10250.00
16.07.2022 19:00,25.44,10245.00
16.07.2022 20:00,25.52,10284.00
16.07.2022 21:00,25.52,10291.00
16.07.2022 22:00,14.11,127.00
16.07.2022 23:00,9.31,0.00
17.07.2022 00:00,9.01,0.00
17.07.2022 01:00,8.92,0.00
17.07.2022 02:00,8.75,0.00
17.07.2022 03:00,8.92,0.00
17.07.2022 04:00,8.71,0.00
17.07.2022 05:00,8.88,0.00
17.07.2022 06:00,10.89,1708.00
17.07.2022 07:00,24.54,10250.00
17.07.2022 08:00,25.14,10166.00
17.07.2022 09:00,25.39,10171.00
17.07.2022 10:00,25.14,10125.00
17.07.2022 11:00,25.35,10166.00
17.07.2022 12:00,25.48,10158.00
17.07.2022 13:00,25.27,10132.00
17.07.2022 14:00,25.39,10158.00
17.07.2022 15:00,25.39,10145.00
17.07.2022 16:00,25.44,10153.00
17.07.2022 17:00,25.44,10166.00
17.07.2022 18:00,25.52,10166.00
17.07.2022 19:00,25.22,10140.00
17.07.2022 20:00,25.57,10204.00
17.07.2022 21:00,25.48,10171.00
17.07.2022 22:00,14.28,132.00
17.07.2022 23:00,9.18,0.00
18.07.2022 00:00,9.01,0.00
18.07.2022 01:00,8.71,0.00
18.07.2022 02:00,8.92,0.00
18.07.2022 03:00,8.83,0.00
18.07.2022 04:00,8.96,0.00
18.07.2022 05:00,8.96,0.00
18.07.2022 06:00,11.02,1692.00
18.07.2022 07:00,24.71,10376.00
18.07.2022 08:00,25.39,10217.00
18.07.2022 09:00,25.52,10258.00
18.07.2022 10:00,25.74,10330.00
18.07.2022 11:00,25.57,10237.00
18.07.2022 12:00,25.44,10212.00
18.07.2022 13:00,25.57,10245.00
18.07.2022 14:00,25.39,10225.00
18.07.2022 15:00,25.52,10225.00
18.07.2022 16:00,25.35,10232.00
18.07.2022 17:00,25.48,10225.00
18.07.2022 18:00,25.31,10199.00
18.07.2022 19:00,25.48,10212.00
18.07.2022 20:00,25.52,10225.00
18.07.2022 21:00,25.61,10217.00
18.07.2022 22:00,14.54,140.00
18.07.2022 23:00,9.35,0.00
19.07.2022 00:00,9.01,0.00
19.07.2022 01:00,8.96,0.00
19.07.2022 02:00,9.05,0.00
19.07.2022 03:00,9.01,0.00
19.07.2022 04:00,9.05,0.00
19.07.2022 05:00,8.83,0.00
19.07.2022 06:00,11.15,1549.00
19.07.2022 07:00,24.66,10342.00
19.07.2022 08:00,25.35,10191.00
19.07.2022 09:00,25.48,10186.00
19.07.2022 10:00,25.22,10158.00
19.07.2022 11:00,25.57,10212.00
19.07.2022 12:00,25.65,10186.00
19.07.2022 13:00,25.44,10204.00
19.07.2022 14:00,25.57,10217.00
19.07.2022 15:00,25.52,10186.00
19.07.2022 16:00,25.52,10199.00
19.07.2022 17:00,25.52,10212.00
19.07.2022 18:00,25.82,10237.00
19.07.2022 19:00,25.44,10212.00
19.07.2022 20:00,25.52,10217.00
19.07.2022 21:00,25.52,10225.00
19.07.2022 22:00,14.67,156.00
19.07.2022 23:00,9.52,0.00
20.07.2022 00:00,9.09,0.00
20.07.2022 01:00,8.88,0.00
20.07.2022 02:00,8.96,0.00
20.07.2022 03:00,8.92,0.00
20.07.2022 04:00,9.05,0.00
20.07.2022 05:00,8.79,0.00
20.07.2022 06:00,10.64,1360.00
20.07.2022 07:00,24.58,10263.00
20.07.2022 08:00,25.35,10145.00
20.07.2022 09:00,25.44,10120.00
20.07.2022 10:00,25.27,10125.00
20.07.2022 11:00,25.69,10125.00
20.07.2022 12:00,25.69,10120.00
20.07.2022 13:00,25.44,10112.00
20.07.2022 14:00,25.48,10120.00
20.07.2022 15:00,25.52,10120.00
20.07.2022 16:00,25.52,10120.00
20.07.2022 17:00,25.35,10099.00
20.07.2022 18:00,25.39,10120.00
20.07.2022 19:00,25.61,10132.00
20.07.2022 20:00,25.52,10132.00
20.07.2022 21:00,25.48,10125.00
20.07.2022 22:00,14.71,155.00
20.07.2022 23:00,9.44,0.00
21.07.2022 00:00,8.96,0.00
21.07.2022 01:00,8.96,0.00
21.07.2022 02:00,8.83,0.00
21.07.2022 03:00,8.88,0.00
21.07.2022 04:00,8.92,0.00
21.07.2022 05:00,8.83,0.00
21.07.2022 06:00,10.64,1079.00
21.07.2022 07:00,24.66,10263.00
21.07.2022 08:00,25.35,10112.00
21.07.2022 09:00,25.48,10112.00
21.07.2022 10:00,25.22,10066.00
21.07.2022 11:00,25.52,10140.00
21.07.2022 12:00,25.48,10099.00
21.07.2022 13:00,25.44,10107.00
21.07.2022 14:00,25.61,10145.00
21.07.2022 15:00,25.44,10120.00
21.07.2022 16:00,25.57,10145.00
21.07.2022 17:00,25.27,10099.00
21.07.2022 18:00,25.52,10140.00
21.07.2022 19:00,25.44,10112.00
21.07.2022 20:00,25.35,10120.00
21.07.2022 21:00,25.48,10120.00
21.07.2022 22:00,15.1,188.00
21.07.2022 23:00,9.22,0.00
22.07.2022 00:00,8.96,0.00
22.07.2022 01:00,8.79,0.00
22.07.2022 02:00,8.79,0.00
22.07.2022 03:00,8.88,0.00
22.07.2022 04:00,8.88,0.00
22.07.2022 05:00,8.96,0.00
22.07.2022 06:00,10.34,1022.00
22.07.2022 07:00,24.54,10271.00
22.07.2022 08:00,25.31,10132.00
22.07.2022 09:00,25.44,10120.00
22.07.2022 10:00,25.44,10166.00
22.07.2022 11:00,25.52,10132.00
22.07.2022 12:00,25.57,10145.00
22.07.2022 13:00,25.27,10086.00
22.07.2022 14:00,25.61,10079.00
22.07.2022 15:00,25.48,10094.00
22.07.2022 16:00,25.74,10125.00
22.07.2022 17:00,25.48,10120.00
22.07.2022 18:00,25.48,10132.00
22.07.2022 19:00,25.52,10112.00
22.07.2022 20:00,25.48,10132.00
22.07.2022 21:00,25.57,10145.00
22.07.2022 22:00,15.18,228.00
22.07.2022 23:00,9.61,0.00
23.07.2022 00:00,8.96,0.00
23.07.2022 01:00,8.92,0.00
23.07.2022 02:00,8.96,0.00
23.07.2022 03:00,8.92,0.00
23.07.2022 04:00,8.96,0.00
23.07.2022 05:00,8.96,0.00
23.07.2022 06:00,10.21,895.00
23.07.2022 07:00,24.36,10278.00
23.07.2022 08:00,25.35,10125.00
23.07.2022 09:00,25.44,10112.00
23.07.2022 10:00,25.31,10107.00
23.07.2022 11:00,25.61,10125.00
23.07.2022 12:00,25.48,10107.00
23.07.2022 13:00,25.57,10132.00
23.07.2022 14:00,25.48,10099.00
23.07.2022 15:00,25.61,10140.00
23.07.2022 16:00,25.57,10112.00
23.07.2022 17:00,25.48,10120.00
23.07.2022 18:00,25.44,10112.00
23.07.2022 19:00,25.44,10132.00
23.07.2022 20:00,25.35,10120.00
23.07.2022 21:00,25.48,10132.00
23.07.2022 22:00,15.31,237.00
23.07.2022 23:00,9.31,0.00
24.07.2022 00:00,9.01,0.00
24.07.2022 01:00,8.96,0.00
24.07.2022 02:00,8.79,0.00
24.07.2022 03:00,9.01,0.00
24.07.2022 04:00,9.01,0.00
24.07.2022 05:00,9.09,0.00
24.07.2022 06:00,10.46,806.00
24.07.2022 07:00,24.36,10258.00
24.07.2022 08:00,25.14,10094.00
24.07.2022 09:00,25.52,10145.00
24.07.2022 10:00,25.39,10140.00
24.07.2022 11:00,25.44,10107.00
24.07.2022 12:00,25.61,10120.00
24.07.2022 13:00,25.48,10120.00
24.07.2022 14:00,25.52,10125.00
24.07.2022 15:00,25.44,10145.00
24.07.2022 16:00,25.48,10140.00
24.07.2022 17:00,25.27,10112.00
24.07.2022 18:00,25.27,10132.00
24.07.2022 19:00,25.48,10145.00
24.07.2022 20:00,25.44,10125.00
24.07.2022 21:00,25.35,10132.00
24.07.2022 22:00,15.61,289.00
24.07.2022 23:00,9.52,0.00
25.07.2022 00:00,9.01,0.00
25.07.2022 01:00,8.88,0.00
25.07.2022 02:00,8.88,0.00
25.07.2022 03:00,9.01,0.00
25.07.2022 04:00,8.96,0.00
25.07.2022 05:00,8.96,0.00
25.07.2022 06:00,10.08,764.00
25.07.2022 07:00,24.41,10278.00
25.07.2022 08:00,25.22,10132.00
25.07.2022 09:00,25.44,10153.00
25.07.2022 10:00,25.35,10171.00
25.07.2022 11:00,25.48,10132.00
25.07.2022 12:00,25.39,10153.00
25.07.2022 13:00,25.65,10140.00
25.07.2022 14:00,25.52,10132.00
25.07.2022 15:00,25.44,10145.00
25.07.2022 16:00,25.39,10132.00
25.07.2022 17:00,25.39,10125.00
25.07.2022 18:00,25.39,10140.00
25.07.2022 19:00,25.44,10158.00
25.07.2022 20:00,25.35,10132.00
25.07.2022 21:00,25.39,10125.00
25.07.2022 22:00,15.61,358.00
25.07.2022 23:00,9.52,0.00
26.07.2022 00:00,8.96,0.00
26.07.2022 01:00,8.75,0.00
26.07.2022 02:00,9.01,0.00
26.07.2022 03:00,8.96,0.00
26.07.2022 04:00,8.96,0.00
26.07.2022 05:00,8.83,0.00
26.07.2022 06:00,10.12,671.00
26.07.2022 07:00,24.54,10401.00
26.07.2022 08:00,25.35,10199.00
26.07.2022 09:00,25.48,10179.00
26.07.2022 10:00,25.65,10271.00
26.07.2022 11:00,25.69,10212.00
26.07.2022 12:00,25.65,10204.00
26.07.2022 13:00,25.48,10186.00
26.07.2022 14:00,25.52,10212.00
26.07.2022 15:00,25.35,10158.00
26.07.2022 16:00,25.57,10232.00
26.07.2022 17:00,25.31,10171.00
26.07.2022 18:00,25.57,10204.00
26.07.2022 19:00,25.48,10199.00
26.07.2022 20:00,25.39,10186.00
26.07.2022 21:00,25.48,10212.00
26.07.2022 22:00,15.91,440.00
26.07.2022 23:00,9.52,0.00
27.07.2022 00:00,9.09,0.00
27.07.2022 01:00,8.83,0.00
27.07.2022 02:00,8.79,0.00
27.07.2022 03:00,8.92,0.00
27.07.2022 04:00,8.88,0.00
27.07.2022 05:00,8.92,0.00
27.07.2022 06:00,9.78,568.00
27.07.2022 07:00,24.41,10355.00
27.07.2022 08:00,25.39,10179.00
27.07.2022 09:00,25.44,10158.00
27.07.2022 10:00,25.22,10186.00
27.07.2022 11:00,25.35,10191.00
27.07.2022 12:00,25.61,10191.00
27.07.2022 13:00,25.39,10199.00
27.07.2022 14:00,25.52,10225.00
27.07.2022 15:00,25.39,10191.00
27.07.2022 16:00,25.61,10225.00
27.07.2022 17:00,25.48,10212.00
27.07.2022 18:00,25.65,10237.00
27.07.2022 19:00,25.39,10212.00
27.07.2022 20:00,25.48,10212.00
27.07.2022 21:00,25.52,10232.00
27.07.2022 22:00,16.08,509.00
27.07.2022 23:00,9.48,0.00
28.07.2022 00:00,9.01,0.00
28.07.2022 01:00,8.96,0.00
28.07.2022 02:00,8.92,0.00
28.07.2022 03:00,8.96,0.00
28.07.2022 04:00,9.01,0.00
28.07.2022 05:00,8.88,0.00
28.07.2022 06:00,9.91,559.00
28.07.2022 07:00,24.41,10383.00
28.07.2022 08:00,25.18,10179.00
28.07.2022 09:00,25.44,10199.00
28.07.2022 10:00,25.48,9830.00
28.07.2022 11:00,25.78,10107.00
28.07.2022 12:00,25.52,10132.00
28.07.2022 13:00,25.57,10186.00
28.07.2022 14:00,25.61,10186.00
28.07.2022 15:00,25.65,10199.00
28.07.2022 16:00,25.39,10199.00
28.07.2022 17:00,25.44,10199.00
28.07.2022 18:00,25.65,10212.00
28.07.2022 19:00,25.57,10199.00
28.07.2022 20:00,25.44,10186.00
28.07.2022 21:00,25.44,10199.00
28.07.2022 22:00,16.3,596.00
28.07.2022 23:00,9.61,0.00
29.07.2022 00:00,9.01,0.00
29.07.2022 01:00,8.96,0.00
29.07.2022 02:00,8.96,0.00
29.07.2022 03:00,8.92,0.00
29.07.2022 04:00,8.92,0.00
29.07.2022 05:00,9.14,0.00
29.07.2022 06:00,9.01,0.00
29.07.2022 07:00,19.39,8686.00
29.07.2022 08:00,24.84,10112.00
29.07.2022 09:00,25.48,10179.00
29.07.2022 10:00,25.52,10186.00
29.07.2022 11:00,25.52,10171.00
29.07.2022 12:00,25.52,10191.00
29.07.2022 13:00,25.39,10171.00
29.07.2022 14:00,25.48,10191.00
29.07.2022 15:00,25.44,10179.00
29.07.2022 16:00,25.48,10191.00
29.07.2022 17:00,25.44,10171.00
29.07.2022 18:00,25.57,10212.00
29.07.2022 19:00,25.27,10166.00
29.07.2022 20:00,25.48,10225.00
29.07.2022 21:00,25.35,10179.00
29.07.2022 22:00,16.39,690.00
29.07.2022 23:00,9.44,0.00
30.07.2022 00:00,9.01,0.00
30.07.2022 01:00,8.92,0.00
30.07.2022 02:00,8.88,0.00
30.07.2022 03:00,8.79,0.00
30.07.2022 04:00,8.92,0.00
30.07.2022 05:00,8.88,0.00
30.07.2022 06:00,8.83,0.00
30.07.2022 07:00,19.13,8463.00
30.07.2022 08:00,24.92,10074.00
30.07.2022 09:00,25.44,10099.00
30.07.2022 10:00,25.27,10048.00
30.07.2022 11:00,25.74,10125.00
30.07.2022 12:00,25.44,10066.00
30.07.2022 13:00,25.57,10086.00
30.07.2022 14:00,25.57,10107.00
30.07.2022 15:00,25.39,10079.00
30.07.2022 16:00,25.48,10112.00
30.07.2022 17:00,25.35,10094.00
30.07.2022 18:00,25.48,10120.00
30.07.2022 19:00,25.35,10079.00
30.07.2022 20:00,25.48,10107.00
30.07.2022 21:00,25.39,10099.00
30.07.2022 22:00,16.51,695.00
30.07.2022 23:00,9.56,0.00
31.07.2022 00:00,9.09,0.00
31.07.2022 01:00,8.83,0.00
31.07.2022 02:00,8.92,0.00
31.07.2022 03:00,8.71,0.00
31.07.2022 04:00,8.92,0.00
31.07.2022 05:00,8.83,0.00
31.07.2022 06:00,9.05,0.00
31.07.2022 07:00,19,8338.00
31.07.2022 08:00,24.88,10099.00
31.07.2022 09:00,25.52,10158.00
31.07.2022 10:00,25.61,10153.00
31.07.2022 11:00,25.44,10145.00
31.07.2022 12:00,25.48,10132.00
31.07.2022 13:00,25.57,10166.00
31.07.2022 14:00,25.44,10158.00
31.07.2022 15:00,25.39,10145.00
31.07.2022 16:00,25.44,10171.00
31.07.2022 17:00,25.52,10166.00
31.07.2022 18:00,25.39,10166.00
31.07.2022 19:00,25.52,10199.00
31.07.2022 20:00,25.44,10158.00
31.07.2022 21:00,25.44,10186.00
31.07.2022 22:00,16.73,803.00
31.07.2022 23:00,9.65,0.00
01.08.2022 00:00,8.92,0.00
01.08.2022 01:00,8.88,0.00
01.08.2022 02:00,8.88,0.00
01.08.2022 03:00,8.88,0.00
01.08.2022 04:00,8.92,0.00
01.08.2022 05:00,8.88,0.00
01.08.2022 06:00,8.96,0.00
01.08.2022 07:00,18.74,8141.00
01.08.2022 08:00,24.92,10099.00
01.08.2022 09:00,25.39,10132.00
01.08.2022 10:00,25.52,10125.00
01.08.2022 11:00,25.52,10166.00
01.08.2022 12:00,25.35,10120.00
01.08.2022 13:00,25.57,10158.00
01.08.2022 14:00,25.57,10153.00
01.08.2022 15:00,25.57,10186.00
01.08.2022 16:00,25.44,10145.00
01.08.2022 17:00,25.48,10258.00
01.08.2022 18:00,25.74,10145.00
01.08.2022 19:00,25.31,10140.00
01.08.2022 20:00,25.44,10179.00
01.08.2022 21:00,25.48,10132.00
01.08.2022 22:00,16.77,923.00
01.08.2022 23:00,9.52,0.00
02.08.2022 00:00,9.05,0.00
02.08.2022 01:00,8.83,0.00
02.08.2022 02:00,8.83,0.00
02.08.2022 03:00,8.92,0.00
02.08.2022 04:00,8.75,0.00
02.08.2022 05:00,8.83,0.00
02.08.2022 06:00,8.88,0.00
02.08.2022 07:00,18.57,7956.00
02.08.2022 08:00,24.92,10061.00
02.08.2022 09:00,25.48,10132.00
02.08.2022 10:00,25.22,10125.00
02.08.2022 11:00,25.57,10179.00
02.08.2022 12:00,25.39,10120.00
02.08.2022 13:00,25.52,10158.00
02.08.2022 14:00,25.27,10317.00
02.08.2022 15:00,24.97,10304.00
02.08.2022 16:00,25.09,10337.00
02.08.2022 17:00,24.92,10330.00
02.08.2022 18:00,25.14,10363.00
02.08.2022 19:00,24.88,10330.00
02.08.2022 20:00,25.09,10350.00
02.08.2022 21:00,25.18,10376.00
02.08.2022 22:00,16.21,968.00
02.08.2022 23:00,9.35,0.00
03.08.2022 00:00,9.01,0.00
03.08.2022 01:00,8.92,0.00
03.08.2022 02:00,8.75,0.00
03.08.2022 03:00,8.83,0.00
03.08.2022 04:00,8.83,0.00
03.08.2022 05:00,8.92,0.00
03.08.2022 06:00,8.88,0.00
03.08.2022 07:00,18.66,7923.00
03.08.2022 08:00,24.84,10296.00
03.08.2022 09:00,25.14,10330.00
03.08.2022 10:00,24.88,10291.00
03.08.2022 11:00,24.97,10278.00
03.08.2022 12:00,25.14,10304.00
03.08.2022 13:00,25.09,10350.00
03.08.2022 14:00,25.05,10304.00
03.08.2022 15:00,25.52,10422.00
03.08.2022 16:00,25.01,10324.00
03.08.2022 17:00,24.92,10350.00
03.08.2022 18:00,25.01,10309.00
03.08.2022 19:00,25.09,10350.00
03.08.2022 20:00,25.01,10350.00
03.08.2022 21:00,25.05,10355.00
03.08.2022 22:00,16.3,1076.00
03.08.2022 23:00,9.22,0.00
04.08.2022 00:00,9.01,0.00
04.08.2022 01:00,8.62,0.00
04.08.2022 02:00,8.75,0.00
04.08.2022 03:00,8.92,0.00
04.08.2022 04:00,8.75,0.00
04.08.2022 05:00,8.88,0.00
04.08.2022 06:00,8.71,0.00
04.08.2022 07:00,18.44,7869.00
04.08.2022 08:00,24.75,10271.00
04.08.2022 09:00,25.05,10324.00
04.08.2022 10:00,24.84,10337.00
04.08.2022 11:00,25.01,10342.00
04.08.2022 12:00,25.18,10342.00
04.08.2022 13:00,24.97,10342.00
04.08.2022 14:00,24.88,10330.00
04.08.2022 15:00,25.09,10324.00
04.08.2022 16:00,24.92,10250.00
04.08.2022 17:00,24.75,10317.00
04.08.2022 18:00,24.54,10212.00
04.08.2022 19:00,25.01,10376.00
04.08.2022 20:00,24.88,10350.00
04.08.2022 21:00,24.88,10376.00
04.08.2022 22:00,16.39,1220.00
04.08.2022 23:00,9.48,0.00
05.08.2022 00:00,8.92,0.00
05.08.2022 01:00,8.71,0.00
05.08.2022 02:00,8.83,0.00
05.08.2022 03:00,8.83,0.00
05.08.2022 04:00,8.75,0.00
05.08.2022 05:00,8.92,0.00
05.08.2022 06:00,8.88,0.00
05.08.2022 07:00,18.4,7718.00
05.08.2022 08:00,24.62,10330.00
05.08.2022 09:00,24.92,10355.00
05.08.2022 10:00,24.92,10355.00
05.08.2022 11:00,24.79,10337.00
05.08.2022 12:00,24.97,10342.00
05.08.2022 13:00,24.92,10324.00
05.08.2022 14:00,25.09,10153.00
05.08.2022 15:00,24.84,10429.00
05.08.2022 16:00,24.54,10368.00
05.08.2022 17:00,24.75,9923.00
05.08.2022 18:00,24.11,10895.00
05.08.2022 19:00,24.19,10947.00
05.08.2022 20:00,24.02,10921.00
05.08.2022 21:00,24.24,10962.00
05.08.2022 22:00,16.51,1531.00
05.08.2022 23:00,9.22,0.00
06.08.2022 00:00,8.71,0.00
06.08.2022 01:00,8.96,0.00
06.08.2022 02:00,8.71,0.00
06.08.2022 03:00,8.96,0.00
06.08.2022 04:00,8.83,0.00
06.08.2022 05:00,9.01,0.00
06.08.2022 06:00,8.83,0.00
06.08.2022 07:00,17.84,7759.00
06.08.2022 08:00,24.19,10324.00
06.08.2022 09:00,24.62,10447.00
06.08.2022 10:00,24.19,10527.00
06.08.2022 11:00,24.11,10880.00
06.08.2022 12:00,24.36,10860.00
06.08.2022 13:00,24.28,10900.00
06.08.2022 14:00,24.28,10880.00
06.08.2022 15:00,24.28,10926.00
06.08.2022 16:00,24.15,10870.00
06.08.2022 17:00,24.45,10906.00
06.08.2022 18:00,24.15,10875.00
06.08.2022 19:00,24.28,10885.00
06.08.2022 20:00,24.24,10885.00
06.08.2022 21:00,24.24,10895.00
06.08.2022 22:00,16.39,1510.00
06.08.2022 23:00,9.44,0.00
07.08.2022 00:00,8.88,0.00
07.08.2022 01:00,8.88,0.00
07.08.2022 02:00,9.05,0.00
07.08.2022 03:00,8.83,0.00
07.08.2022 04:00,8.92,0.00
07.08.2022 05:00,8.83,0.00
07.08.2022 06:00,8.83,0.00
07.08.2022 07:00,17.59,7672.00
07.08.2022 08:00,24.24,10237.00
07.08.2022 09:00,24.62,10376.00
07.08.2022 10:00,23.98,10793.00
07.08.2022 11:00,24.24,10783.00
07.08.2022 12:00,24.11,10793.00
07.08.2022 13:00,24.28,10778.00
07.08.2022 14:00,24.19,10793.00
07.08.2022 15:00,24.24,10778.00
07.08.2022 16:00,24.24,10803.00
07.08.2022 17:00,24.19,10808.00
07.08.2022 18:00,24.19,10788.00
07.08.2022 19:00,24.24,10788.00
07.08.2022 20:00,24.15,10762.00
07.08.2022 21:00,24.02,10778.00
07.08.2022 22:00,16.43,1843.00
07.08.2022 23:00,9.52,0.00
08.08.2022 00:00,8.75,0.00
08.08.2022 01:00,8.96,0.00
08.08.2022 02:00,8.83,0.00
08.08.2022 03:00,8.88,0.00
08.08.2022 04:00,8.79,0.00
08.08.2022 05:00,9.31,0.00
08.08.2022 06:00,8.66,0.00
08.08.2022 07:00,17.63,7501.00
08.08.2022 08:00,24.36,10330.00
08.08.2022 09:00,24.06,10808.00
08.08.2022 10:00,23.98,10762.00
08.08.2022 11:00,24.06,10737.00
08.08.2022 12:00,24.11,10783.00
08.08.2022 13:00,24.41,10803.00
08.08.2022 14:00,24.24,10793.00
08.08.2022 15:00,24.19,10788.00
08.08.2022 16:00,24.24,10788.00
08.08.2022 17:00,24.24,10793.00
08.08.2022 18:00,23.98,10762.00
08.08.2022 19:00,24.28,10808.00
08.08.2022 20:00,24.28,10783.00
08.08.2022 21:00,24.15,10783.00
08.08.2022 22:00,16.56,1989.00
08.08.2022 23:00,9.52,0.00
09.08.2022 00:00,9.18,0.00
09.08.2022 01:00,8.71,0.00
09.08.2022 02:00,8.88,0.00
09.08.2022 03:00,8.75,0.00
09.08.2022 04:00,8.88,0.00
09.08.2022 05:00,8.49,0.00
09.08.2022 06:00,9.14,0.00
09.08.2022 07:00,17.46,7332.00
09.08.2022 08:00,24.11,10263.00
09.08.2022 09:00,24.06,10757.00
09.08.2022 10:00,24.06,10778.00
09.08.2022 11:00,24.19,10788.00
09.08.2022 12:00,24.02,10721.00
09.08.2022 13:00,24.24,10813.00
09.08.2022 14:00,24.02,10767.00
09.08.2022 15:00,24.19,10813.00
09.08.2022 16:00,24.15,10829.00
09.08.2022 17:00,24.11,10742.00
09.08.2022 18:00,24.06,10757.00
09.08.2022 19:00,24.19,10747.00
09.08.2022 20:00,24.11,10793.00
09.08.2022 21:00,23.98,10783.00
09.08.2022 22:00,16.73,2025.00
09.08.2022 23:00,9.35,0.00
10.08.2022 00:00,8.79,0.00
10.08.2022 01:00,8.88,0.00
10.08.2022 02:00,8.92,0.00
10.08.2022 03:00,8.53,0.00
10.08.2022 04:00,8.92,0.00
10.08.2022 05:00,8.75,0.00
10.08.2022 06:00,8.75,0.00
10.08.2022 07:00,17.11,7194.00
10.08.2022 08:00,24.15,10368.00
10.08.2022 09:00,24.58,10401.00
10.08.2022 10:00,24.45,10476.00
10.08.2022 11:00,24.75,10409.00