TreeID,apical length,lateral length,week,doy,date
A01,10.92,10.74,1,237,25.08.2022
A02,17.65,22.18,1,237,25.08.2022
A03,18.9,16.56,1,237,25.08.2022
A04,14.17,16.52,1,237,25.08.2022
A05,15.5,14.48,1,237,25.08.2022
A06,30.57,18.41,1,237,25.08.2022
A07,14.38,16.94,1,237,25.08.2022
A08,15.58,18.35,1,237,25.08.2022
A09,13.8,11.33,1,237,25.08.2022
A10,16.04,15.32,1,237,25.08.2022
A11,21,22.58,1,237,25.08.2022
A12,24.32,14.5,1,237,25.08.2022
A13,14.18,16.3,1,237,25.08.2022
A14,16.63,11.86,1,237,25.08.2022
A15,19.63,14.24,1,237,25.08.2022
A16,10.69,15.81,1,237,25.08.2022
A17,21.76,16.02,1,237,25.08.2022
A18,7.82,18.44,1,237,25.08.2022
B19,15.41,12.62,1,237,25.08.2022
B20,16.33,14.36,1,237,25.08.2022
B21,12.54,18.46,1,237,25.08.2022
B22,14.15,10.19,1,237,25.08.2022
B23,14.04,11.32,1,237,25.08.2022
B24,8.81,12.53,1,237,25.08.2022
B25,13.39,19.61,1,237,25.08.2022
B26,18.25,17.61,1,237,25.08.2022
B27,8.95,9.22,1,237,25.08.2022
B28,10.97,24.98,1,237,25.08.2022
B29,18.42,19.06,1,237,25.08.2022
B30,13.13,16.75,1,237,25.08.2022
B31,19.98,12.1,1,237,25.08.2022
B32,15.03,15.99,1,237,25.08.2022
B33,9.14,10.91,1,237,25.08.2022
B34,10.31,13.65,1,237,25.08.2022
B35,8.25,24.39,1,237,25.08.2022
B36,14.17,12.95,1,237,25.08.2022
C37,16.49,15.41,1,237,25.08.2022
C38,12.12,16.65,1,237,25.08.2022
C39,9.49,10.19,1,237,25.08.2022
C40,11.45,12.91,1,237,25.08.2022
C41,32.57,20.46,1,237,25.08.2022
C42,12.73,17,1,237,25.08.2022
C43,15.52,13.29,1,237,25.08.2022
C44,21.41,17.2,1,237,25.08.2022
C45,22.25,15.77,1,237,25.08.2022
C46,16.28,14.34,1,237,25.08.2022
C47,28.34,20.68,1,237,25.08.2022
C48,7.49,15.29,1,237,25.08.2022
C49,12.34,18.8,1,237,25.08.2022
C50,14.43,24.62,1,237,25.08.2022
C51,17.34,19.95,1,237,25.08.2022
C52,16.02,16.45,1,237,25.08.2022
C53,20.62,26.93,1,237,25.08.2022
C54,9.75,20.02,1,237,25.08.2022
D55,22.29,21.43,1,237,25.08.2022
D56,21.87,18.1,1,237,25.08.2022
D57,20.57,15.31,1,237,25.08.2022
D58,19.73,16.31,1,237,25.08.2022
D59,18.15,13.94,1,237,25.08.2022
D60,,18.02,1,237,25.08.2022
D61,18.66,21.72,1,237,25.08.2022
D62,26.17,15.04,1,237,25.08.2022
D63,14.52,14.34,1,237,25.08.2022
D64,15.57,13.81,1,237,25.08.2022
D65,17.49,12.5,1,237,25.08.2022
D66,22.77,14.24,1,237,25.08.2022
D67,19.59,14.3,1,237,25.08.2022
D68,14.55,12.53,1,237,25.08.2022
D69,15.02,14.58,1,237,25.08.2022
D70,21.94,16.93,1,237,25.08.2022
D71,16.74,12.01,1,237,25.08.2022
D72,,12.19,1,237,25.08.2022
E73,24.48,14.01,1,237,25.08.2022
E74,22.86,16.94,1,237,25.08.2022
E75,22.24,,1,237,25.08.2022
E76,20.61,13.92,1,237,25.08.2022
E77,24.69,23.7,1,237,25.08.2022
E78,14.28,12.96,1,237,25.08.2022
E79,12.39,14.71,1,237,25.08.2022
E80,38.8,20.72,1,237,25.08.2022
E81,15.46,21.48,1,237,25.08.2022
E82,10.18,21.08,1,237,25.08.2022
E83,,19.78,1,237,25.08.2022
E84,22.19,16.93,1,237,25.08.2022
E85,12.24,15.85,1,237,25.08.2022
E86,20.24,16.34,1,237,25.08.2022
E87,30.09,17.21,1,237,25.08.2022
E88,14.23,21.7,1,237,25.08.2022
E89,14.84,21.83,1,237,25.08.2022
E90,9.47,20.13,1,237,25.08.2022
F100,20.04,17.86,1,237,25.08.2022
F101,7.58,12.65,1,237,25.08.2022
F102,10.83,16.27,1,237,25.08.2022
F103,16.07,15.43,1,237,25.08.2022
F104,6.44,12.4,1,237,25.08.2022
F105,20.61,11.66,1,237,25.08.2022
F106,8.92,14.78,1,237,25.08.2022
F107,10.93,16.53,1,237,25.08.2022
F108,9.47,7.5,1,237,25.08.2022
F91,,15.67,1,237,25.08.2022
F92,14.26,18.4,1,237,25.08.2022
F93,27.93,14.41,1,237,25.08.2022
F94,11.89,16.04,1,237,25.08.2022
F95,14.6,18.8,1,237,25.08.2022
F96,16.85,17.6,1,237,25.08.2022
F97,7.79,17.65,1,237,25.08.2022
F98,7.65,17.88,1,237,25.08.2022
F99,15.04,8.15,1,237,25.08.2022
G109,18.62,17.31,1,237,25.08.2022
G110,17.11,14.61,1,237,25.08.2022
G111,15.97,9.85,1,237,25.08.2022
G112,18.76,17.3,1,237,25.08.2022
G113,9.28,18.17,1,237,25.08.2022
G114,18.16,16.31,1,237,25.08.2022
G115,22.66,19.41,1,237,25.08.2022
G116,20.32,16.7,1,237,25.08.2022
G117,14.81,12.72,1,237,25.08.2022
G118,15.4,10.57,1,237,25.08.2022
G119,11.23,10.17,1,237,25.08.2022
G120,7.42,13.02,1,237,25.08.2022
G121,10.38,12.82,1,237,25.08.2022
G122,14.56,12.2,1,237,25.08.2022
G123,8.61,14.28,1,237,25.08.2022
G124,11.54,9.92,1,237,25.08.2022
G125,,15.9,1,237,25.08.2022
G126,8.51,14.49,1,237,25.08.2022
H127,17.49,22.15,1,237,25.08.2022
H128,22.51,16.38,1,237,25.08.2022
H129,10.17,14.32,1,237,25.08.2022
H130,15.32,18.5,1,237,25.08.2022
H131,30.01,21.73,1,237,25.08.2022
H132,14.38,10.72,1,237,25.08.2022
H133,19.09,17.13,1,237,25.08.2022
H134,23.57,20.66,1,237,25.08.2022
H135,13.23,10.53,1,237,25.08.2022
H136,28.02,18.35,1,237,25.08.2022
H137,10.75,19.94,1,237,25.08.2022
H138,9.32,18.64,1,237,25.08.2022
H139,,15.8,1,237,25.08.2022
H140,13.41,18.53,1,237,25.08.2022
H141,14.64,22.02,1,237,25.08.2022
H142,19.13,19.57,1,237,25.08.2022
H143,,22.93,1,237,25.08.2022
H144,24.22,10.74,1,237,25.08.2022
I145,18.46,16.97,1,237,25.08.2022
I146,11.8,12.45,1,237,25.08.2022
I147,10.95,19.92,1,237,25.08.2022
I148,7.42,6.99,1,237,25.08.2022
I149,16.37,13.31,1,237,25.08.2022
I150,9.3,12.25,1,237,25.08.2022
I151,17.29,12.54,1,237,25.08.2022
I152,21.22,14.92,1,237,25.08.2022
I153,16.34,20.71,1,237,25.08.2022
I154,12.73,16.4,1,237,25.08.2022
I155,19.9,13.09,1,237,25.08.2022
I156,22.24,17,1,237,25.08.2022
I157,,23.21,1,237,25.08.2022
I158,7.43,13.83,1,237,25.08.2022
I159,,17.23,1,237,25.08.2022
I160,18.86,16.81,1,237,25.08.2022
I161,10.66,15.43,1,237,25.08.2022
I162,,18,1,237,25.08.2022
J163,5.17,8.33,1,237,25.08.2022
J164,12.69,22.23,1,237,25.08.2022
J165,10.07,13.31,1,237,25.08.2022
J166,16.98,13.3,1,237,25.08.2022
J167,18.52,24.57,1,237,25.08.2022
J168,14.23,13.11,1,237,25.08.2022
J169,19.02,23.47,1,237,25.08.2022
J170,11.6,13.06,1,237,25.08.2022
J171,12.49,24.02,1,237,25.08.2022
J172,25.33,19.31,1,237,25.08.2022
J173,18.96,13.57,1,237,25.08.2022
J174,14.49,18,1,237,25.08.2022
J175,7.95,14.15,1,237,25.08.2022
J176,20.46,11.29,1,237,25.08.2022
J177,9.53,14.16,1,237,25.08.2022
J178,14.92,13.4,1,237,25.08.2022
J179,18.21,16.68,1,237,25.08.2022
J180,16.03,15.49,1,237,25.08.2022
K181,16.07,22.67,1,237,25.08.2022
K182,14.39,19.09,1,237,25.08.2022
K183,11.52,13.25,1,237,25.08.2022
K184,7.53,14.31,1,237,25.08.2022
K185,10.62,12.55,1,237,25.08.2022
K186,19.46,13.48,1,237,25.08.2022
K187,,18.27,1,237,25.08.2022
K188,20.31,17.32,1,237,25.08.2022
K189,13.14,13.68,1,237,25.08.2022
K190,7.26,,1,237,25.08.2022
K191,14.68,15.14,1,237,25.08.2022
K192,20.61,14.04,1,237,25.08.2022
K193,17.47,15.5,1,237,25.08.2022
K194,16.51,17.62,1,237,25.08.2022
K195,16.84,16.44,1,237,25.08.2022
K196,18.62,14.63,1,237,25.08.2022
K197,20.94,18.8,1,237,25.08.2022
K198,21.55,16.53,1,237,25.08.2022
A01,11.5,11.87,2,244,01.09.2022
A02,19.08,23.13,2,244,01.09.2022
A03,21.16,18.38,2,244,01.09.2022
A04,15.63,17.72,2,244,01.09.2022
A05,19.06,15.78,2,244,01.09.2022
A06,31.31,20.68,2,244,01.09.2022
A07,14.74,17.39,2,244,01.09.2022
A08,16.13,18.89,2,244,01.09.2022
A09,14.31,11.61,2,244,01.09.2022
A10,17.6,15.99,2,244,01.09.2022
A11,32.68,25.13,2,244,01.09.2022
A12,26.34,14.93,2,244,01.09.2022
A13,16.62,17.98,2,244,01.09.2022
A14,17.18,13.09,2,244,01.09.2022
A15,23.38,14.93,2,244,01.09.2022
A16,10.71,17.97,2,244,01.09.2022
A17,23.46,17.8,2,244,01.09.2022
A18,8.8,19.43,2,244,01.09.2022
B19,16.45,14.1,2,244,01.09.2022
B20,16.48,16.2,2,244,01.09.2022
B21,13.53,20.47,2,244,01.09.2022
B22,15.88,11,2,244,01.09.2022
B23,16.15,12.14,2,244,01.09.2022
B24,9.39,12.6,2,244,01.09.2022
B25,15.43,22.17,2,244,01.09.2022
B26,21.07,19.46,2,244,01.09.2022
B27,9.98,11.9,2,244,01.09.2022
B28,12.2,28.15,2,244,01.09.2022
B29,19.44,19.73,2,244,01.09.2022
B30,13.57,16.97,2,244,01.09.2022
B31,21.55,13.71,2,244,01.09.2022
B32,15.37,16.96,2,244,01.09.2022
B33,10.52,12.12,2,244,01.09.2022
B34,11.29,13.97,2,244,01.09.2022
B35,8.65,26.04,2,244,01.09.2022
B36,15.19,13.3,2,244,01.09.2022
C37,17.67,16.3,2,244,01.09.2022
C38,13.55,17.1,2,244,01.09.2022
C39,9.73,12.27,2,244,01.09.2022
C40,12.85,14.62,2,244,01.09.2022
C41,34.9,21.05,2,244,01.09.2022
C42,15.42,19.44,2,244,01.09.2022
C43,17.17,14.46,2,244,01.09.2022
C44,23.14,19.17,2,244,01.09.2022
C45,25.44,16.47,2,244,01.09.2022
C46,17.68,15.58,2,244,01.09.2022
C47,33.65,23.69,2,244,01.09.2022
C48,8.58,16.56,2,244,01.09.2022
C49,14.01,19.72,2,244,01.09.2022
C50,15.06,27.62,2,244,01.09.2022
C51,22.42,20.08,2,244,01.09.2022
C52,16.42,17.33,2,244,01.09.2022
C53,21,27.37,2,244,01.09.2022
C54,11.2,21.95,2,244,01.09.2022
D55,25.26,21.49,2,244,01.09.2022
D56,21.92,19.21,2,244,01.09.2022
D57,20.96,18.14,2,244,01.09.2022
D58,20.56,17.03,2,244,01.09.2022
D59,19.95,14.63,2,244,01.09.2022
D60,,18.39,2,244,01.09.2022
D61,20.65,23.97,2,244,01.09.2022
D62,26.51,17.11,2,244,01.09.2022
D63,14.55,15.36,2,244,01.09.2022
D64,18.69,14.35,2,244,01.09.2022
D65,18.92,14.75,2,244,01.09.2022
D66,23.84,18.6,2,244,01.09.2022
D67,24.4,15.47,2,244,01.09.2022
D68,15.49,14.39,2,244,01.09.2022
D69,16.57,16.6,2,244,01.09.2022
D70,24.22,17.17,2,244,01.09.2022
D71,18.2,13.41,2,244,01.09.2022
D72,,13.05,2,244,01.09.2022
E73,25.64,14.23,2,244,01.09.2022
E74,24.99,17.81,2,244,01.09.2022
E75,24.26,,2,244,01.09.2022
E76,24.58,14.78,2,244,01.09.2022
E77,26.34,25.49,2,244,01.09.2022
E78,15.26,15.48,2,244,01.09.2022
E79,13.84,15.25,2,244,01.09.2022
E80,41.26,21.11,2,244,01.09.2022
E81,17.58,22.26,2,244,01.09.2022
E82,11.33,21.31,2,244,01.09.2022
E83,,20.28,2,244,01.09.2022
E84,22.87,19.81,2,244,01.09.2022
E85,13.29,17.55,2,244,01.09.2022
E86,22.64,16.95,2,244,01.09.2022
E87,31.62,18.52,2,244,01.09.2022
E88,15.47,23.3,2,244,01.09.2022
E89,16.31,22.71,2,244,01.09.2022
E90,11.18,20.68,2,244,01.09.2022
F100,21.11,19.65,2,244,01.09.2022
F101,9.08,13.04,2,244,01.09.2022
F102,10.9,17.48,2,244,01.09.2022
F103,17.03,16.91,2,244,01.09.2022
F104,7.97,13.25,2,244,01.09.2022
F105,23.46,12.13,2,244,01.09.2022
F106,9.65,16.8,2,244,01.09.2022
F107,11.79,17.67,2,244,01.09.2022
F108,9.61,7.88,2,244,01.09.2022
F91,,16.66,2,244,01.09.2022
F92,15.31,19.39,2,244,01.09.2022
F93,30.89,15.62,2,244,01.09.2022
F94,12.58,16.86,2,244,01.09.2022
F95,17.38,19.75,2,244,01.09.2022
F96,17.38,18.06,2,244,01.09.2022
F97,9.08,19.93,2,244,01.09.2022
F98,8.65,19.61,2,244,01.09.2022
F99,15.32,8.25,2,244,01.09.2022
G109,20.01,19.57,2,244,01.09.2022
G110,17.2,15.16,2,244,01.09.2022
G111,17.25,10.21,2,244,01.09.2022
G112,19.96,19.49,2,244,01.09.2022
G113,12.02,20.32,2,244,01.09.2022
G114,20.92,17.53,2,244,01.09.2022
G115,23.79,19.6,2,244,01.09.2022
G116,21.18,17.85,2,244,01.09.2022
G117,15.92,15.16,2,244,01.09.2022
G118,17.31,13.16,2,244,01.09.2022
G119,13.29,10.85,2,244,01.09.2022
G120,9.89,13.87,2,244,01.09.2022
G121,13.74,13.26,2,244,01.09.2022
G122,15.98,13.04,2,244,01.09.2022
G123,9.85,15.99,2,244,01.09.2022
G124,12.19,10.31,2,244,01.09.2022
G125,,16.86,2,244,01.09.2022
G126,11.44,15.18,2,244,01.09.2022
H127,19.55,24.55,2,244,01.09.2022
H128,24.13,16.5,2,244,01.09.2022
H129,11.98,15.93,2,244,01.09.2022
H130,15.91,19.75,2,244,01.09.2022
H131,31.11,22.53,2,244,01.09.2022
H132,15.44,11.39,2,244,01.09.2022
H133,20.77,18.07,2,244,01.09.2022
H134,26.01,22.3,2,244,01.09.2022
H135,14.37,11.58,2,244,01.09.2022
H136,29.79,20.7,2,244,01.09.2022
H137,11.11,21.69,2,244,01.09.2022
H138,10.42,20.63,2,244,01.09.2022
H139,,17.89,2,244,01.09.2022
H140,15.48,18.85,2,244,01.09.2022
H141,15.26,23.37,2,244,01.09.2022
H142,20.49,20.18,2,244,01.09.2022
H143,,23.68,2,244,01.09.2022
H144,25.56,14.44,2,244,01.09.2022
I145,19.73,19.81,2,244,01.09.2022
I146,12.44,13.52,2,244,01.09.2022
I147,11.43,20.46,2,244,01.09.2022
I148,7.47,7.73,2,244,01.09.2022
I149,17.17,15.23,2,244,01.09.2022
I150,11.02,13.75,2,244,01.09.2022
I151,17.44,13.21,2,244,01.09.2022
I152,21.62,15.86,2,244,01.09.2022
I153,17.99,21.34,2,244,01.09.2022
I154,14.58,16.72,2,244,01.09.2022
I155,21.9,13.68,2,244,01.09.2022
I156,22.79,17.17,2,244,01.09.2022
I157,,23.29,2,244,01.09.2022
I158,7.62,14.25,2,244,01.09.2022
I159,,17.36,2,244,01.09.2022
I160,19.81,17.7,2,244,01.09.2022
I161,11.88,16.05,2,244,01.09.2022
I162,,18.9,2,244,01.09.2022
J163,6.19,10.64,2,244,01.09.2022
J164,15.92,23.28,2,244,01.09.2022
J165,12.59,14.63,2,244,01.09.2022
J166,19.17,16.21,2,244,01.09.2022
J167,19.17,24.97,2,244,01.09.2022
J168,15.8,13.46,2,244,01.09.2022
J169,21.56,25.76,2,244,01.09.2022
J170,13.19,13.78,2,244,01.09.2022
J171,15.18,24.76,2,244,01.09.2022
J172,26.15,20.17,2,244,01.09.2022
J173,21.55,14.59,2,244,01.09.2022
J174,15.77,19.04,2,244,01.09.2022
J175,9.09,16.14,2,244,01.09.2022
J176,21.36,13.83,2,244,01.09.2022
J177,10.24,16.92,2,244,01.09.2022
J178,16.6,15.86,2,244,01.09.2022
J179,19.64,17.96,2,244,01.09.2022
J180,17.08,16.39,2,244,01.09.2022
K181,17.98,23.32,2,244,01.09.2022
K182,14.99,19.29,2,244,01.09.2022
K183,13.85,13.88,2,244,01.09.2022
K184,7.62,15.57,2,244,01.09.2022
K185,11.92,12.92,2,244,01.09.2022
K186,20.96,14.27,2,244,01.09.2022
K187,,19.63,2,244,01.09.2022
K188,20.75,18.43,2,244,01.09.2022
K189,13.9,14.71,2,244,01.09.2022
K190,8.18,,2,244,01.09.2022
K191,15.55,16.6,2,244,01.09.2022
K192,21.63,15.34,2,244,01.09.2022
K193,19.84,16.17,2,244,01.09.2022
K194,17.41,18.36,2,244,01.09.2022
K195,18.41,16.98,2,244,01.09.2022
K196,19.42,15.45,2,244,01.09.2022
K197,21.98,20.25,2,244,01.09.2022
K198,22.24,17.29,2,244,01.09.2022
A01,12.79,13.28,3,251,08.09.2022
A02,20.21,24.2,3,251,08.09.2022
A03,21.54,20.21,3,251,08.09.2022
A04,17.15,18.28,3,251,08.09.2022
A05,19.28,18.78,3,251,08.09.2022
A06,32.76,21.81,3,251,08.09.2022
A07,16.98,18.11,3,251,08.09.2022
A08,16.69,19.73,3,251,08.09.2022
A09,15.87,11.91,3,251,08.09.2022
A10,18.58,17.84,3,251,08.09.2022
A11,34.43,27.24,3,251,08.09.2022
A12,27.38,15.37,3,251,08.09.2022
A13,16.81,18.71,3,251,08.09.2022
A14,19.51,15.01,3,251,08.09.2022
A15,24.39,15.21,3,251,08.09.2022
A16,12.58,18.98,3,251,08.09.2022
A17,25.08,18.58,3,251,08.09.2022
A18,9.88,20.07,3,251,08.09.2022
B19,17.98,15.36,3,251,08.09.2022
B20,16.72,17.04,3,251,08.09.2022
B21,14.7,21.77,3,251,08.09.2022
B22,16.24,11.25,3,251,08.09.2022
B23,17.22,12.8,3,251,08.09.2022
B24,12.36,13.72,3,251,08.09.2022
B25,17.96,23.72,3,251,08.09.2022
B26,22.38,21.14,3,251,08.09.2022
B27,10.84,12.7,3,251,08.09.2022
B28,13.51,29.53,3,251,08.09.2022
B29,21.6,20.88,3,251,08.09.2022
B30,13.65,18.37,3,251,08.09.2022
B31,22.88,14.21,3,251,08.09.2022
B32,17.4,17.75,3,251,08.09.2022
B33,11.88,12.84,3,251,08.09.2022
B34,12.86,16.32,3,251,08.09.2022
B35,10.24,27.2,3,251,08.09.2022
B36,16.99,14.13,3,251,08.09.2022
C37,18.58,17.41,3,251,08.09.2022
C38,14.34,18.13,3,251,08.09.2022
C39,10.12,12.83,3,251,08.09.2022
C40,13.43,14.85,3,251,08.09.2022
C41,37.14,21.73,3,251,08.09.2022
C42,18.92,20.06,3,251,08.09.2022
C43,19.36,16.3,3,251,08.09.2022
C44,25.1,20.66,3,251,08.09.2022
C45,26.3,17.15,3,251,08.09.2022
C46,18.38,15.58,3,251,08.09.2022
C47,36.77,26.42,3,251,08.09.2022
C48,9.4,17.55,3,251,08.09.2022
C49,16.43,20.41,3,251,08.09.2022
C50,16.6,29.67,3,251,08.09.2022
C51,25.33,21.15,3,251,08.09.2022
C52,16.96,19.26,3,251,08.09.2022
C53,21.41,28.39,3,251,08.09.2022
C54,13.67,22.45,3,251,08.09.2022
D55,26.1,22.95,3,251,08.09.2022
D56,25.51,20.13,3,251,08.09.2022
D57,21.51,19.93,3,251,08.09.2022
D58,22.88,17.19,3,251,08.09.2022
D59,20.66,16.34,3,251,08.09.2022
D60,,21.18,3,251,08.09.2022
D61,23.24,24.75,3,251,08.09.2022
D62,28.15,19.28,3,251,08.09.2022
D63,14.56,16.36,3,251,08.09.2022
D64,19.65,15.34,3,251,08.09.2022
D65,21.98,15.89,3,251,08.09.2022
D66,24.98,19.89,3,251,08.09.2022
D67,28.7,16.84,3,251,08.09.2022
D68,16.19,15.25,3,251,08.09.2022
D69,19.06,17.78,3,251,08.09.2022
D70,25.4,19.45,3,251,08.09.2022
D71,20,14.7,3,251,08.09.2022
D72,,13.3,3,251,08.09.2022
E73,26.93,16.6,3,251,08.09.2022
E74,27.11,18.71,3,251,08.09.2022
E75,25.06,,3,251,08.09.2022
E76,26.28,15.87,3,251,08.09.2022
E77,28.53,26.8,3,251,08.09.2022
E78,17.87,16.2,3,251,08.09.2022
E79,14.69,16.11,3,251,08.09.2022
E80,45.85,22.03,3,251,08.09.2022
E81,19.69,22.75,3,251,08.09.2022
E82,12.46,21.61,3,251,08.09.2022
E83,,20.82,3,251,08.09.2022
E84,23.96,19.89,3,251,08.09.2022
E85,14.91,18.47,3,251,08.09.2022
E86,25,18.72,3,251,08.09.2022
E87,33.33,20.66,3,251,08.09.2022
E88,16.47,25.04,3,251,08.09.2022
E89,17.01,24.08,3,251,08.09.2022
E90,12.89,24.34,3,251,08.09.2022
F100,23.46,20.35,3,251,08.09.2022
F101,10.23,14.44,3,251,08.09.2022
F102,12.32,18.17,3,251,08.09.2022
F103,18.34,17.35,3,251,08.09.2022
F104,8.12,14.39,3,251,08.09.2022
F105,24.75,13.46,3,251,08.09.2022
F106,10.08,19.19,3,251,08.09.2022
F107,13.43,18.65,3,251,08.09.2022
F108,9.94,9.02,3,251,08.09.2022
F91,,17.68,3,251,08.09.2022
F92,16.29,20.57,3,251,08.09.2022
F93,31.58,16.85,3,251,08.09.2022
F94,13.26,17.51,3,251,08.09.2022
F95,20.1,20.97,3,251,08.09.2022
F96,21.79,20.61,3,251,08.09.2022
F97,10.22,21.76,3,251,08.09.2022
F98,10.74,21.73,3,251,08.09.2022
F99,15.87,8.3,3,251,08.09.2022
G109,21.46,21.91,3,251,08.09.2022
G110,18.58,16.73,3,251,08.09.2022
G111,18.11,11.88,3,251,08.09.2022
G112,22.08,21.13,3,251,08.09.2022
G113,15.67,22.54,3,251,08.09.2022
G114,21.42,19.48,3,251,08.09.2022
G115,25.08,21.62,3,251,08.09.2022
G116,21.53,18.43,3,251,08.09.2022
G117,16.7,16.28,3,251,08.09.2022
G118,19.54,14.15,3,251,08.09.2022
G119,15.26,11.76,3,251,08.09.2022
G120,11.51,14.61,3,251,08.09.2022
G121,15.57,15.11,3,251,08.09.2022
G122,16.6,14.07,3,251,08.09.2022
G123,10.69,16.83,3,251,08.09.2022
G124,14.2,12.09,3,251,08.09.2022
G125,,17.88,3,251,08.09.2022
G126,13.32,16.47,3,251,08.09.2022
H127,21.4,25.68,3,251,08.09.2022
H128,24.73,17.17,3,251,08.09.2022
H129,12.66,16.75,3,251,08.09.2022
H130,16.88,20.05,3,251,08.09.2022
H131,32.09,23.77,3,251,08.09.2022
H132,15.81,13.3,3,251,08.09.2022
H133,21.96,19.15,3,251,08.09.2022
H134,29.6,23.11,3,251,08.09.2022
H135,15.01,12.14,3,251,08.09.2022
H136,31.36,21.65,3,251,08.09.2022
H137,13.17,22.42,3,251,08.09.2022
H138,12.59,21.81,3,251,08.09.2022
H139,,19.38,3,251,08.09.2022
H140,16.53,19.11,3,251,08.09.2022
H141,17.75,24.87,3,251,08.09.2022
H142,21.92,21.16,3,251,08.09.2022
H143,,24.77,3,251,08.09.2022
H144,28.52,16.22,3,251,08.09.2022
I145,21.17,20.18,3,251,08.09.2022
I146,13.47,15.16,3,251,08.09.2022
I147,12.37,21.13,3,251,08.09.2022
I148,7.48,8.86,3,251,08.09.2022
I149,17.18,16.3,3,251,08.09.2022
I150,11.07,14.32,3,251,08.09.2022
I151,17.59,15.58,3,251,08.09.2022
I152,23.15,16.61,3,251,08.09.2022
I153,19.07,21.65,3,251,08.09.2022
I154,16.23,17.26,3,251,08.09.2022
I155,24.22,14.9,3,251,08.09.2022
I156,22.96,17.4,3,251,08.09.2022
I157,,23.42,3,251,08.09.2022
I158,7.65,14.74,3,251,08.09.2022
I159,,17.45,3,251,08.09.2022
I160,21.25,18.28,3,251,08.09.2022
I161,13.02,17.08,3,251,08.09.2022
I162,,20.06,3,251,08.09.2022
J163,7.39,11.46,3,251,08.09.2022
J164,17.37,24.44,3,251,08.09.2022
J165,13.39,15.7,3,251,08.09.2022
J166,21.64,18.35,3,251,08.09.2022
J167,20.29,26.53,3,251,08.09.2022
J168,18.78,16.15,3,251,08.09.2022
J169,22.98,27.57,3,251,08.09.2022
J170,14.36,14.73,3,251,08.09.2022
J171,17.11,25.99,3,251,08.09.2022
J172,28.3,21.19,3,251,08.09.2022
J173,23.11,16.13,3,251,08.09.2022
J174,17.55,20.41,3,251,08.09.2022
J175,11.88,17.13,3,251,08.09.2022
J176,22.31,15.57,3,251,08.09.2022
J177,11.89,19.4,3,251,08.09.2022
J178,18.48,17.64,3,251,08.09.2022
J179,20.94,18.45,3,251,08.09.2022
J180,18.5,17.58,3,251,08.09.2022
K181,19.14,24.1,3,251,08.09.2022
K182,15.81,19.72,3,251,08.09.2022
K183,15.62,16.24,3,251,08.09.2022
K184,7.71,16.17,3,251,08.09.2022
K185,12.92,14.3,3,251,08.09.2022
K186,21.98,14.94,3,251,08.09.2022
K187,,20.49,3,251,08.09.2022
K188,22.2,20.75,3,251,08.09.2022
K189,14.23,15.16,3,251,08.09.2022
K190,8.96,,3,251,08.09.2022
K191,16.89,17.11,3,251,08.09.2022
K192,22.18,15.96,3,251,08.09.2022
K193,20.14,18.21,3,251,08.09.2022
K194,17.78,18.94,3,251,08.09.2022
K195,19.54,17.71,3,251,08.09.2022
K196,20.6,16.99,3,251,08.09.2022
K197,23.7,21.08,3,251,08.09.2022
K198,23.55,18.24,3,251,08.09.2022
A01,13.14,14.18,4,258,15.09.2022
A02,21.47,25.14,4,258,15.09.2022
A03,22.64,20.47,4,258,15.09.2022
A04,18.2,18.75,4,258,15.09.2022
A05,22.87,18.9,4,258,15.09.2022
A06,34.04,22.66,4,258,15.09.2022
A07,17.08,18.28,4,258,15.09.2022
A08,18.2,20.11,4,258,15.09.2022
A09,16.5,12.46,4,258,15.09.2022
A10,19.18,18.02,4,258,15.09.2022
A11,36.84,27.64,4,258,15.09.2022
A12,29.92,18.32,4,258,15.09.2022
A13,18.89,19.65,4,258,15.09.2022
A14,20.11,15.78,4,258,15.09.2022
A15,26.09,15.77,4,258,15.09.2022
A16,14.86,19.43,4,258,15.09.2022
A17,25.87,19.3,4,258,15.09.2022
A18,10.2,20.46,4,258,15.09.2022
B19,19.02,15.73,4,258,15.09.2022
B20,17.44,17.13,4,258,15.09.2022
B21,15.74,22.65,4,258,15.09.2022
B22,17.23,11.26,4,258,15.09.2022
B23,19.05,13.46,4,258,15.09.2022
B24,12.84,14.81,4,258,15.09.2022
B25,19.1,24.16,4,258,15.09.2022
B26,25.23,22.43,4,258,15.09.2022
B27,11.61,13.53,4,258,15.09.2022
B28,13.89,30.23,4,258,15.09.2022
B29,22.96,22.26,4,258,15.09.2022
B30,13.78,20.08,4,258,15.09.2022
B31,24.22,15.43,4,258,15.09.2022
B32,19.7,18.82,4,258,15.09.2022
B33,12.74,15.41,4,258,15.09.2022
B34,14.99,17.49,4,258,15.09.2022
B35,11.71,27.62,4,258,15.09.2022
B36,18.31,15.04,4,258,15.09.2022
C37,19.6,18.55,4,258,15.09.2022
C38,17.16,18.93,4,258,15.09.2022
C39,11.52,13.15,4,258,15.09.2022
C40,13.71,15.14,4,258,15.09.2022
C41,37.57,22.41,4,258,15.09.2022
C42,19.7,21.65,4,258,15.09.2022
C43,19.81,16.85,4,258,15.09.2022
C44,26.47,21.7,4,258,15.09.2022
C45,27.3,18.35,4,258,15.09.2022
C46,19.55,16.49,4,258,15.09.2022
C47,37.01,27.25,4,258,15.09.2022
C48,11.07,18.12,4,258,15.09.2022
C49,18.19,21.68,4,258,15.09.2022
C50,17.59,30.5,4,258,15.09.2022
C51,26.87,22.08,4,258,15.09.2022
C52,17.28,19.28,4,258,15.09.2022
C53,21.74,30.13,4,258,15.09.2022
C54,14.1,22.56,4,258,15.09.2022
D55,27.46,23.62,4,258,15.09.2022
D56,26.33,21.25,4,258,15.09.2022
D57,23.92,19.94,4,258,15.09.2022
D58,23.36,17.33,4,258,15.09.2022
D59,22.66,16.66,4,258,15.09.2022
D60,,22.41,4,258,15.09.2022
D61,23.97,25.08,4,258,15.09.2022
D62,30.76,20.19,4,258,15.09.2022
D63,15.01,17.44,4,258,15.09.2022
D64,19.79,16.08,4,258,15.09.2022
D65,22.01,16.22,4,258,15.09.2022
D66,27.11,20.72,4,258,15.09.2022
D67,30.86,17.42,4,258,15.09.2022
D68,16.3,15.31,4,258,15.09.2022
D69,19.75,19.02,4,258,15.09.2022
D70,27.21,19.59,4,258,15.09.2022
D71,20.93,16.02,4,258,15.09.2022
D72,,13.82,4,258,15.09.2022
E73,29.11,17.12,4,258,15.09.2022
E74,28.67,19.55,4,258,15.09.2022
E75,25.39,,4,258,15.09.2022
E76,26.8,16.54,4,258,15.09.2022
E77,29.77,27.33,4,258,15.09.2022
E78,18.76,17.68,4,258,15.09.2022
E79,15.26,17.39,4,258,15.09.2022
E80,48.54,22.43,4,258,15.09.2022
E81,21.35,23,4,258,15.09.2022
E82,13.76,21.74,4,258,15.09.2022
E83,,21.84,4,258,15.09.2022
E84,24.3,20.03,4,258,15.09.2022
E85,16,20.11,4,258,15.09.2022
E86,25.6,19.27,4,258,15.09.2022
E87,34.12,21.13,4,258,15.09.2022
E88,18.19,25.24,4,258,15.09.2022
E89,17.55,24.64,4,258,15.09.2022
E90,14.98,24.43,4,258,15.09.2022
F100,25.98,21.73,4,258,15.09.2022
F101,11.06,15.43,4,258,15.09.2022
F102,13.75,20.16,4,258,15.09.2022
F103,18.77,18.05,4,258,15.09.2022
F104,9.79,15.97,4,258,15.09.2022
F105,27.34,14.41,4,258,15.09.2022
F106,10.79,20.69,4,258,15.09.2022
F107,14.72,20.83,4,258,15.09.2022
F108,10.68,10.1,4,258,15.09.2022
F91,,18.05,4,258,15.09.2022
F92,17.49,21.49,4,258,15.09.2022
F93,32.79,17.92,4,258,15.09.2022
F94,14.62,18.43,4,258,15.09.2022
F95,22.45,21.6,4,258,15.09.2022
F96,23.36,22.02,4,258,15.09.2022
F97,11.61,23.07,4,258,15.09.2022
F98,11.25,22.85,4,258,15.09.2022
F99,16.14,8.33,4,258,15.09.2022
G109,23.28,22.26,4,258,15.09.2022
G110,19.62,17.87,4,258,15.09.2022
G111,18.58,11.94,4,258,15.09.2022
G112,24.45,22.75,4,258,15.09.2022
G113,21.58,24.33,4,258,15.09.2022
G114,22.18,20.25,4,258,15.09.2022
G115,26.27,22.43,4,258,15.09.2022
G116,21.93,18.99,4,258,15.09.2022
G117,17.66,17.92,4,258,15.09.2022
G118,20.47,15.13,4,258,15.09.2022
G119,16.26,13.1,4,258,15.09.2022
G120,12.35,15.23,4,258,15.09.2022
G121,17.66,16.31,4,258,15.09.2022
G122,17.37,15.33,4,258,15.09.2022
G123,11.33,17.95,4,258,15.09.2022
G124,15.37,12.84,4,258,15.09.2022
G125,,18.62,4,258,15.09.2022
G126,15.09,17.31,4,258,15.09.2022
H127,22.74,26.72,4,258,15.09.2022
H128,27.31,18.19,4,258,15.09.2022
H129,14.06,18.09,4,258,15.09.2022
H130,17.1,21.44,4,258,15.09.2022
H131,33.27,24.31,4,258,15.09.2022
H132,17.45,13.86,4,258,15.09.2022
H133,23.78,19.42,4,258,15.09.2022
H134,30.21,24.38,4,258,15.09.2022
H135,16.38,13.28,4,258,15.09.2022
H136,31.92,22.97,4,258,15.09.2022
H137,13.5,23.17,4,258,15.09.2022
H138,13.94,21.88,4,258,15.09.2022
H139,,19.89,4,258,15.09.2022
H140,17.29,20.32,4,258,15.09.2022
H141,20,27.2,4,258,15.09.2022
H142,22.96,21.62,4,258,15.09.2022
H143,,25.16,4,258,15.09.2022
H144,30.17,18.59,4,258,15.09.2022
I145,22.73,20.33,4,258,15.09.2022
I146,13.48,15.29,4,258,15.09.2022
I147,13.25,21.23,4,258,15.09.2022
I148,7.48,9.43,4,258,15.09.2022
I149,17.19,17.18,4,258,15.09.2022
I150,12.15,14.69,4,258,15.09.2022
I151,18.87,16.39,4,258,15.09.2022
I152,23.32,16.75,4,258,15.09.2022
I153,20.39,21.77,4,258,15.09.2022
I154,17.24,17.89,4,258,15.09.2022
I155,25.29,15.39,4,258,15.09.2022
I156,23.06,17.72,4,258,15.09.2022
I157,,23.74,4,258,15.09.2022
I158,7.66,15.19,4,258,15.09.2022
I159,,17.5,4,258,15.09.2022
I160,23.58,19.26,4,258,15.09.2022
I161,14.2,18.1,4,258,15.09.2022
I162,,21.1,4,258,15.09.2022
J163,9.17,12.7,4,258,15.09.2022
J164,18.12,24.75,4,258,15.09.2022
J165,14.25,16.71,4,258,15.09.2022
J166,23.1,18.79,4,258,15.09.2022
J167,20.34,27.53,4,258,15.09.2022
J168,21.35,17.23,4,258,15.09.2022
J169,25.61,27.63,4,258,15.09.2022
J170,15.84,15.39,4,258,15.09.2022
J171,17.61,26.3,4,258,15.09.2022
J172,30.74,22.97,4,258,15.09.2022
J173,24.67,17.46,4,258,15.09.2022
J174,18.9,21.1,4,258,15.09.2022
J175,12.36,17.89,4,258,15.09.2022
J176,23.66,17.51,4,258,15.09.2022
J177,12.83,19.7,4,258,15.09.2022
J178,19.77,17.65,4,258,15.09.2022
J179,22.07,19.52,4,258,15.09.2022
J180,20.51,18.84,4,258,15.09.2022
K181,20.8,24.64,4,258,15.09.2022
K182,16.11,20.19,4,258,15.09.2022
K183,16.61,16.73,4,258,15.09.2022
K184,7.9,16.66,4,258,15.09.2022
K185,13.65,15.25,4,258,15.09.2022
K186,22.5,15.39,4,258,15.09.2022
K187,,20.82,4,258,15.09.2022
K188,22.57,20.77,4,258,15.09.2022
K189,15.52,16.2,4,258,15.09.2022
K190,9.39,,4,258,15.09.2022
K191,17.41,18.08,4,258,15.09.2022
K192,22.93,16.18,4,258,15.09.2022
K193,21,18.63,4,258,15.09.2022
K194,18.28,19.58,4,258,15.09.2022
K195,20.11,18.13,4,258,15.09.2022
K196,21.68,17.87,4,258,15.09.2022
K197,24.02,22.37,4,258,15.09.2022
K198,24.21,18.69,4,258,15.09.2022
A01,14.55,14.75,5,266,23.09.2022
A02,22.54,25.85,5,266,23.09.2022
A03,23.73,20.48,5,266,23.09.2022
A04,22.12,20.03,5,266,23.09.2022
A05,23.25,19.19,5,266,23.09.2022
A06,35.2,23.36,5,266,23.09.2022
A07,17.4,18.93,5,266,23.09.2022
A08,20.21,20.3,5,266,23.09.2022
A09,16.67,13.28,5,266,23.09.2022
A10,20.23,18.72,5,266,23.09.2022
A11,37.72,28.07,5,266,23.09.2022
A12,30.87,18.62,5,266,23.09.2022
A13,20.99,20.79,5,266,23.09.2022
A14,20.52,16.89,5,266,23.09.2022
A15,26.53,16.39,5,266,23.09.2022
A16,14.93,19.66,5,266,23.09.2022
A17,26.59,19.6,5,266,23.09.2022
A18,12.47,20.95,5,266,23.09.2022
B19,20.07,16.06,5,266,23.09.2022
B20,17.95,17.98,5,266,23.09.2022
B21,17.33,22.81,5,266,23.09.2022
B22,18.66,11.28,5,266,23.09.2022
B23,21.03,14.65,5,266,23.09.2022
B24,13.56,15.19,5,266,23.09.2022
B25,20.15,24.29,5,266,23.09.2022
B26,26.7,23.09,5,266,23.09.2022
B27,12.32,14.02,5,266,23.09.2022
B28,15.57,31.34,5,266,23.09.2022
B29,24.16,22.88,5,266,23.09.2022
B30,13.87,20.98,5,266,23.09.2022
B31,24.58,16.04,5,266,23.09.2022
B32,20.71,19.31,5,266,23.09.2022
B33,13.67,15.81,5,266,23.09.2022
B34,16,17.71,5,266,23.09.2022
B35,12.93,28.58,5,266,23.09.2022
B36,18.44,15.99,5,266,23.09.2022
C37,20.68,19.73,5,266,23.09.2022
C38,17.32,18.99,5,266,23.09.2022
C39,12.36,13.89,5,266,23.09.2022
C40,13.95,16.07,5,266,23.09.2022
C41,37.97,22.63,5,266,23.09.2022
C42,21.39,21.78,5,266,23.09.2022
C43,20.64,17.3,5,266,23.09.2022
C44,26.91,21.81,5,266,23.09.2022
C45,28.03,19.15,5,266,23.09.2022
C46,20.31,17.32,5,266,23.09.2022
C47,37.32,27.9,5,266,23.09.2022
C48,12.87,18.43,5,266,23.09.2022
C49,19.35,21.86,5,266,23.09.2022
C50,18.61,31.85,5,266,23.09.2022
C51,28.13,22.86,5,266,23.09.2022
C52,17.61,20.19,5,266,23.09.2022
C53,22.08,30.82,5,266,23.09.2022
C54,15.28,22.66,5,266,23.09.2022
D55,28.67,24.77,5,266,23.09.2022
D56,26.41,21.89,5,266,23.09.2022
D57,25.76,20.38,5,266,23.09.2022
D58,24.14,17.66,5,266,23.09.2022
D59,24.89,17.7,5,266,23.09.2022
D60,,23.52,5,266,23.09.2022
D61,24.2,25.29,5,266,23.09.2022
D62,31.07,21.22,5,266,23.09.2022
D63,15.86,18.01,5,266,23.09.2022
D64,20.25,16.3,5,266,23.09.2022
D65,24.17,17.22,5,266,23.09.2022
D66,28,21.78,5,266,23.09.2022
D67,31.37,17.74,5,266,23.09.2022
D68,16.41,15.42,5,266,23.09.2022
D69,20.99,19.55,5,266,23.09.2022
D70,27.3,19.88,5,266,23.09.2022
D71,21.44,16.21,5,266,23.09.2022
D72,,14.27,5,266,23.09.2022
E73,29.47,17.46,5,266,23.09.2022
E74,29.41,20.51,5,266,23.09.2022
E75,25.54,,5,266,23.09.2022
E76,28.95,17.11,5,266,23.09.2022
E77,30.52,28.42,5,266,23.09.2022
E78,18.84,18.29,5,266,23.09.2022
E79,16.84,18.07,5,266,23.09.2022
E80,49.22,22.75,5,266,23.09.2022
E81,21.71,23.27,5,266,23.09.2022
E82,14.51,21.94,5,266,23.09.2022
E83,,22.88,5,266,23.09.2022
E84,24.6,20.33,5,266,23.09.2022
E85,17.21,20.64,5,266,23.09.2022
E86,27,19.84,5,266,23.09.2022
E87,35.61,21.46,5,266,23.09.2022
E88,18.8,25.48,5,266,23.09.2022
E89,18.04,25.17,5,266,23.09.2022
E90,16.09,24.91,5,266,23.09.2022
F100,26.93,22.51,5,266,23.09.2022
F101,11.46,16.76,5,266,23.09.2022
F102,14.93,20.24,5,266,23.09.2022
F103,19.8,19.02,5,266,23.09.2022
F104,9.91,16.87,5,266,23.09.2022
F105,28.25,15.77,5,266,23.09.2022
F106,11.83,21.72,5,266,23.09.2022
F107,15.64,21.39,5,266,23.09.2022
F108,11.07,10.39,5,266,23.09.2022
F91,,19.01,5,266,23.09.2022
F92,18.48,22.54,5,266,23.09.2022
F93,33.96,18.91,5,266,23.09.2022
F94,15.67,19.29,5,266,23.09.2022
F95,23.85,22.67,5,266,23.09.2022
F96,23.86,22.31,5,266,23.09.2022
F97,12.85,23.66,5,266,23.09.2022
F98,12.89,23.68,5,266,23.09.2022
F99,16.54,8.36,5,266,23.09.2022
G109,24.81,22.49,5,266,23.09.2022
G110,20.3,18.27,5,266,23.09.2022
G111,18.89,12.97,5,266,23.09.2022
G112,24.8,22.94,5,266,23.09.2022
G113,21.78,24.65,5,266,23.09.2022
G114,23.32,20.72,5,266,23.09.2022
G115,27.11,24.42,5,266,23.09.2022
G116,22.11,19.18,5,266,23.09.2022
G117,18.45,18.1,5,266,23.09.2022
G118,21.77,15.44,5,266,23.09.2022
G119,17.93,13.99,5,266,23.09.2022
G120,12.78,15.67,5,266,23.09.2022
G121,18.63,16.65,5,266,23.09.2022
G122,18.88,15.37,5,266,23.09.2022
G123,13.11,18,5,266,23.09.2022
G124,16.08,13.63,5,266,23.09.2022
G125,,19.33,5,266,23.09.2022
G126,16.56,17.73,5,266,23.09.2022
H127,24.61,27.28,5,266,23.09.2022
H128,27.86,18.35,5,266,23.09.2022
H129,14.82,18.9,5,266,23.09.2022
H130,17.68,23.99,5,266,23.09.2022
H131,33.37,25.15,5,266,23.09.2022
H132,17.81,14.05,5,266,23.09.2022
H133,24.24,19.55,5,266,23.09.2022
H134,30.68,24.76,5,266,23.09.2022
H135,17.18,15.03,5,266,23.09.2022
H136,32.38,23.79,5,266,23.09.2022
H137,14.55,23.48,5,266,23.09.2022
H138,14.84,22.04,5,266,23.09.2022
H139,,20.25,5,266,23.09.2022
H140,19.32,21,5,266,23.09.2022
H141,21.49,27.34,5,266,23.09.2022
H142,24.16,22.26,5,266,23.09.2022
H143,,25.5,5,266,23.09.2022
H144,30.77,19.53,5,266,23.09.2022
I145,23.71,20.47,5,266,23.09.2022
I146,13.72,15.48,5,266,23.09.2022
I147,14.87,21.85,5,266,23.09.2022
I148,7.49,10.14,5,266,23.09.2022
I149,17.21,18.32,5,266,23.09.2022
I150,13,14.81,5,266,23.09.2022
I151,19.07,16.61,5,266,23.09.2022
I152,23.43,17.02,5,266,23.09.2022
I153,20.48,21.91,5,266,23.09.2022
I154,17.93,17.97,5,266,23.09.2022
I155,25.35,15.81,5,266,23.09.2022
I156,23.28,17.8,5,266,23.09.2022
I157,,23.95,5,266,23.09.2022
I158,7.66,15.2,5,266,23.09.2022
I159,,17.56,5,266,23.09.2022
I160,23.64,19.34,5,266,23.09.2022
I161,14.62,18.32,5,266,23.09.2022
I162,,21.28,5,266,23.09.2022
J163,10.77,14.08,5,266,23.09.2022
J164,20.93,25.41,5,266,23.09.2022
J165,15.95,16.91,5,266,23.09.2022
J166,25.76,18.8,5,266,23.09.2022
J167,22.14,28.45,5,266,23.09.2022
J168,22.98,17.43,5,266,23.09.2022
J169,25.71,27.87,5,266,23.09.2022
J170,17.32,16.31,5,266,23.09.2022
J171,19.05,26.89,5,266,23.09.2022
J172,32.09,23.2,5,266,23.09.2022
J173,24.78,17.67,5,266,23.09.2022
J174,20.05,21.39,5,266,23.09.2022
J175,12.62,18.94,5,266,23.09.2022
J176,24.05,18.05,5,266,23.09.2022
J177,14.76,20.14,5,266,23.09.2022
J178,21.61,18.56,5,266,23.09.2022
J179,22.89,19.94,5,266,23.09.2022
J180,21.86,19.22,5,266,23.09.2022
K181,21.49,25.06,5,266,23.09.2022
K182,16.36,20.61,5,266,23.09.2022
K183,17.99,18.15,5,266,23.09.2022
K184,8.32,17.02,5,266,23.09.2022
K185,14.54,16.13,5,266,23.09.2022
K186,23.26,15.79,5,266,23.09.2022
K187,,21.07,5,266,23.09.2022
K188,22.98,20.8,5,266,23.09.2022
K189,17.37,16.6,5,266,23.09.2022
K190,9.56,,5,266,23.09.2022
K191,18.41,18.2,5,266,23.09.2022
K192,23.22,16.24,5,266,23.09.2022
K193,21.2,18.74,5,266,23.09.2022
K194,18.66,19.81,5,266,23.09.2022
K195,20.99,18.31,5,266,23.09.2022
K196,22.57,17.89,5,266,23.09.2022
K197,24.35,22.59,5,266,23.09.2022
K198,24.43,18.9,5,266,23.09.2022
A01,15.24,15.48,6,272,29.09.2022
A02,22.59,26.17,6,272,29.09.2022
A03,24.02,20.72,6,272,29.09.2022
A04,22.68,21.28,6,272,29.09.2022
A05,23.39,20.02,6,272,29.09.2022
A06,35.59,23.69,6,272,29.09.2022
A07,18.12,19.51,6,272,29.09.2022
A08,21.08,20.55,6,272,29.09.2022
A09,17.12,13.78,6,272,29.09.2022
A10,21.21,18.87,6,272,29.09.2022
A11,37.81,28.72,6,272,29.09.2022
A12,33.12,19,6,272,29.09.2022
A13,21.63,21,6,272,29.09.2022
A14,21.75,17.73,6,272,29.09.2022
A15,26.91,16.56,6,272,29.09.2022
A16,16.22,20.96,6,272,29.09.2022
A17,27.73,21.01,6,272,29.09.2022
A18,14.42,21.42,6,272,29.09.2022
B19,21.46,16.37,6,272,29.09.2022
B20,18.1,18.75,6,272,29.09.2022
B21,18.36,23.62,6,272,29.09.2022
B22,18.85,11.3,6,272,29.09.2022
B23,21.55,14.87,6,272,29.09.2022
B24,13.92,15.7,6,272,29.09.2022
B25,21.41,24.86,6,272,29.09.2022
B26,27.2,23.37,6,272,29.09.2022
B27,13.22,14.08,6,272,29.09.2022
B28,15.99,31.66,6,272,29.09.2022
B29,25.96,23.78,6,272,29.09.2022
B30,14.68,21.28,6,272,29.09.2022
B31,26.17,17.02,6,272,29.09.2022
B32,21.06,19.47,6,272,29.09.2022
B33,14.21,15.9,6,272,29.09.2022
B34,17.27,17.99,6,272,29.09.2022
B35,14.74,29.52,6,272,29.09.2022
B36,20,16.77,6,272,29.09.2022
C37,22.22,20.34,6,272,29.09.2022
C38,17.65,19.97,6,272,29.09.2022
C39,13.43,14.34,6,272,29.09.2022
C40,14.18,16.13,6,272,29.09.2022
C41,38.28,22.77,6,272,29.09.2022
C42,22.97,22.64,6,272,29.09.2022
C43,22.37,17.72,6,272,29.09.2022
C44,27.55,21.94,6,272,29.09.2022
C45,28.11,19.41,6,272,29.09.2022
C46,21.67,18.25,6,272,29.09.2022
C47,37.63,28.46,6,272,29.09.2022
C48,13.59,18.66,6,272,29.09.2022
C49,20.1,21.97,6,272,29.09.2022
C50,19.18,32.04,6,272,29.09.2022
C51,30.14,24.31,6,272,29.09.2022
C52,17.81,21.21,6,272,29.09.2022
C53,22.19,31.16,6,272,29.09.2022
C54,16.23,24.62,6,272,29.09.2022
D55,29.36,25.18,6,272,29.09.2022
D56,27.49,22.11,6,272,29.09.2022
D57,27.45,21.86,6,272,29.09.2022
D58,25.01,17.82,6,272,29.09.2022
D59,26.28,18.93,6,272,29.09.2022
D60,,24.54,6,272,29.09.2022
D61,24.57,25.48,6,272,29.09.2022
D62,31.86,21.95,6,272,29.09.2022
D63,16.05,18.28,6,272,29.09.2022
D64,20.46,16.46,6,272,29.09.2022
D65,24.47,18.51,6,272,29.09.2022
D66,30.33,22.63,6,272,29.09.2022
D67,33.52,18.11,6,272,29.09.2022
D68,16.6,15.63,6,272,29.09.2022
D69,22.29,20.19,6,272,29.09.2022
D70,29.47,20.62,6,272,29.09.2022
D71,21.88,16.42,6,272,29.09.2022
D72,,14.93,6,272,29.09.2022
E73,31.56,17.64,6,272,29.09.2022
E74,29.81,21.59,6,272,29.09.2022
E75,25.84,,6,272,29.09.2022
E76,30.45,18.31,6,272,29.09.2022
E77,31.35,28.56,6,272,29.09.2022
E78,19.26,18.98,6,272,29.09.2022
E79,18.9,18.91,6,272,29.09.2022
E80,51.49,22.85,6,272,29.09.2022
E81,23.54,24.04,6,272,29.09.2022
E82,16.17,22.05,6,272,29.09.2022
E83,,23.17,6,272,29.09.2022
E84,24.79,20.66,6,272,29.09.2022
E85,18.28,20.9,6,272,29.09.2022
E86,27.6,20.09,6,272,29.09.2022
E87,36.38,21.99,6,272,29.09.2022
E88,20.26,25.9,6,272,29.09.2022
E89,20.99,26.18,6,272,29.09.2022
E90,18.54,25.83,6,272,29.09.2022
F100,27.48,22.53,6,272,29.09.2022
F101,13.53,18.82,6,272,29.09.2022
F102,17.02,21.38,6,272,29.09.2022
F103,20.39,19.45,6,272,29.09.2022
F104,10.64,17.73,6,272,29.09.2022
F105,29.98,16.69,6,272,29.09.2022
F106,14.33,22.31,6,272,29.09.2022
F107,16.36,22.03,6,272,29.09.2022
F108,12.27,10.71,6,272,29.09.2022
F91,,19.81,6,272,29.09.2022
F92,19.59,23.69,6,272,29.09.2022
F93,35.01,19.57,6,272,29.09.2022
F94,16.31,19.37,6,272,29.09.2022
F95,24.28,23.63,6,272,29.09.2022
F96,25.21,22.74,6,272,29.09.2022
F97,13.71,23.88,6,272,29.09.2022
F98,13.4,24.37,6,272,29.09.2022
F99,16.96,8.44,6,272,29.09.2022
G109,25.61,23.61,6,272,29.09.2022
G110,20.42,18.33,6,272,29.09.2022
G111,20.27,13.13,6,272,29.09.2022
G112,25.78,23.21,6,272,29.09.2022
G113,22,26.35,6,272,29.09.2022
G114,23.97,21.19,6,272,29.09.2022
G115,28.17,24.63,6,272,29.09.2022
G116,22.28,20.49,6,272,29.09.2022
G117,18.9,18.99,6,272,29.09.2022
G118,23.44,16.22,6,272,29.09.2022
G119,18.48,14.93,6,272,29.09.2022
G120,13.82,16.07,6,272,29.09.2022
G121,19.14,17.9,6,272,29.09.2022
G122,19.77,15.9,6,272,29.09.2022
G123,14.71,18.4,6,272,29.09.2022
G124,16.99,14.18,6,272,29.09.2022
G125,,20.42,6,272,29.09.2022
G126,17.26,18.44,6,272,29.09.2022
H127,25.24,29.42,6,272,29.09.2022
H128,27.93,18.58,6,272,29.09.2022
H129,15.06,20.02,6,272,29.09.2022
H130,17.76,24.26,6,272,29.09.2022
H131,33.59,25.39,6,272,29.09.2022
H132,18.23,14.95,6,272,29.09.2022
H133,24.78,19.78,6,272,29.09.2022
H134,32.08,26.47,6,272,29.09.2022
H135,17.46,15.1,6,272,29.09.2022
H136,33.77,24.75,6,272,29.09.2022
H137,15.41,23.74,6,272,29.09.2022
H138,15.2,22.29,6,272,29.09.2022
H139,,20.45,6,272,29.09.2022
H140,20.02,22.49,6,272,29.09.2022
H141,22.5,27.67,6,272,29.09.2022
H142,25.03,22.38,6,272,29.09.2022
H143,,25.71,6,272,29.09.2022
H144,31.9,20.51,6,272,29.09.2022
I145,24.63,20.68,6,272,29.09.2022
I146,13.83,15.66,6,272,29.09.2022
I147,15.26,21.97,6,272,29.09.2022
I148,7.5,11.04,6,272,29.09.2022
I149,17.21,18.71,6,272,29.09.2022
I150,13.29,15.22,6,272,29.09.2022
I151,20.62,16.82,6,272,29.09.2022
I152,23.57,17.18,6,272,29.09.2022
I153,20.93,21.93,6,272,29.09.2022
I154,18.61,18.1,6,272,29.09.2022
I155,25.38,16.02,6,272,29.09.2022
I156,23.48,17.9,6,272,29.09.2022
I157,,23.98,6,272,29.09.2022
I158,7.67,15.23,6,272,29.09.2022
I159,,17.56,6,272,29.09.2022
I160,23.64,19.49,6,272,29.09.2022
I161,14.84,18.59,6,272,29.09.2022
I162,,21.78,6,272,29.09.2022
J163,12.3,16.09,6,272,29.09.2022
J164,21.66,25.97,6,272,29.09.2022
J165,16.18,17.28,6,272,29.09.2022
J166,26.95,18.82,6,272,29.09.2022
J167,23.3,29.36,6,272,29.09.2022
J168,24.24,17.72,6,272,29.09.2022
J169,25.77,28.68,6,272,29.09.2022
J170,17.62,16.65,6,272,29.09.2022
J171,20.67,26.98,6,272,29.09.2022
J172,33.53,23.86,6,272,29.09.2022
J173,24.84,18,6,272,29.09.2022
J174,21.72,21.76,6,272,29.09.2022
J175,13.49,20.13,6,272,29.09.2022
J176,25.25,18.5,6,272,29.09.2022
J177,16.18,21.63,6,272,29.09.2022
J178,23.12,18.79,6,272,29.09.2022
J179,23.69,20.39,6,272,29.09.2022
J180,22.26,19.76,6,272,29.09.2022
K181,22.1,25.9,6,272,29.09.2022
K182,16.44,21.41,6,272,29.09.2022
K183,18.77,18.63,6,272,29.09.2022
K184,8.89,17.63,6,272,29.09.2022
K185,14.93,16.24,6,272,29.09.2022
K186,23.63,16.2,6,272,29.09.2022
K187,,21.29,6,272,29.09.2022
K188,23.59,21.01,6,272,29.09.2022
K189,17.84,16.67,6,272,29.09.2022
K190,9.96,,6,272,29.09.2022
K191,19.29,18.23,6,272,29.09.2022
K192,23.35,16.31,6,272,29.09.2022
K193,21.27,18.87,6,272,29.09.2022
K194,19.5,20.43,6,272,29.09.2022
K195,21.59,18.56,6,272,29.09.2022
K196,23.29,19.38,6,272,29.09.2022
K197,24.4,22.63,6,272,29.09.2022
K198,25.29,19.38,6,272,29.09.2022
A01,16.31,15.5,7,279,06.10.2022
A02,22.91,26.19,7,279,06.10.2022
A03,24.03,20.85,7,279,06.10.2022
A04,23.45,21.31,7,279,06.10.2022
A05,24.57,20.03,7,279,06.10.2022
A06,35.6,23.96,7,279,06.10.2022
A07,18.12,19.54,7,279,06.10.2022
A08,21.83,20.75,7,279,06.10.2022
A09,17.15,13.97,7,279,06.10.2022
A10,21.24,18.91,7,279,06.10.2022
A11,38.87,29.32,7,279,06.10.2022
A12,33.15,19.02,7,279,06.10.2022
A13,22.59,21.52,7,279,06.10.2022
A14,24,18.06,7,279,06.10.2022
A15,27.32,16.57,7,279,06.10.2022
A16,16.64,21.46,7,279,06.10.2022
A17,27.74,21.03,7,279,06.10.2022
A18,15.51,21.43,7,279,06.10.2022
B19,23.25,16.4,7,279,06.10.2022
B20,18.11,18.78,7,279,06.10.2022
B21,18.46,23.75,7,279,06.10.2022
B22,18.87,11.38,7,279,06.10.2022
B23,21.57,17.36,7,279,06.10.2022
B24,15.01,15.71,7,279,06.10.2022
B25,21.43,25,7,279,06.10.2022
B26,27.21,23.39,7,279,06.10.2022
B27,13.55,14.11,7,279,06.10.2022
B28,17.44,31.67,7,279,06.10.2022
B29,26.66,23.8,7,279,06.10.2022
B30,15.64,21.3,7,279,06.10.2022
B31,26.19,17.03,7,279,06.10.2022
B32,21.15,19.74,7,279,06.10.2022
B33,15.69,16.54,7,279,06.10.2022
B34,18.51,18.76,7,279,06.10.2022
B35,16.53,29.54,7,279,06.10.2022
B36,20.02,16.79,7,279,06.10.2022
C37,23.79,20.36,7,279,06.10.2022
C38,20.26,19.98,7,279,06.10.2022
C39,13.45,14.56,7,279,06.10.2022
C40,14.59,16.15,7,279,06.10.2022
C41,38.3,22.8,7,279,06.10.2022
C42,22.98,22.67,7,279,06.10.2022
C43,22.39,17.83,7,279,06.10.2022
C44,28.09,21.97,7,279,06.10.2022
C45,28.52,19.43,7,279,06.10.2022
C46,21.68,18.28,7,279,06.10.2022
C47,37.64,29.19,7,279,06.10.2022
C48,14.11,18.76,7,279,06.10.2022
C49,22.54,22.23,7,279,06.10.2022
C50,19.21,32.37,7,279,06.10.2022
C51,32.72,24.96,7,279,06.10.2022
C52,20.62,21.74,7,279,06.10.2022
C53,22.2,31.16,7,279,06.10.2022
C54,17.71,24.63,7,279,06.10.2022
D55,30.17,25.49,7,279,06.10.2022
D56,27.59,22.13,7,279,06.10.2022
D57,27.46,21.88,7,279,06.10.2022
D58,25.03,17.98,7,279,06.10.2022
D59,27.25,19.71,7,279,06.10.2022
D60,,25.3,7,279,06.10.2022
D61,24.61,25.51,7,279,06.10.2022
D62,31.87,22.61,7,279,06.10.2022
D63,17.78,18.53,7,279,06.10.2022
D64,22.56,16.49,7,279,06.10.2022
D65,27.05,18.53,7,279,06.10.2022
D66,31.01,23.11,7,279,06.10.2022
D67,34.58,18.12,7,279,06.10.2022
D68,16.86,15.97,7,279,06.10.2022
D69,22.84,20.22,7,279,06.10.2022
D70,29.48,20.63,7,279,06.10.2022
D71,23.42,17.47,7,279,06.10.2022
D72,,15.14,7,279,06.10.2022
E73,31.58,17.67,7,279,06.10.2022
E74,29.83,21.61,7,279,06.10.2022
E75,25.86,,7,279,06.10.2022
E76,30.53,19.84,7,279,06.10.2022
E77,31.42,28.58,7,279,06.10.2022
E78,20.06,18.98,7,279,06.10.2022
E79,19.91,18.93,7,279,06.10.2022
E80,51.53,22.87,7,279,06.10.2022
E81,23.55,24.04,7,279,06.10.2022
E82,18.36,22.07,7,279,06.10.2022
E83,,23.19,7,279,06.10.2022
E84,25.07,21.07,7,279,06.10.2022
E85,19.1,21.52,7,279,06.10.2022
E86,28.61,20.56,7,279,06.10.2022
E87,37.01,22.06,7,279,06.10.2022
E88,21.93,25.92,7,279,06.10.2022
E89,23.34,26.2,7,279,06.10.2022
E90,19.42,25.84,7,279,06.10.2022
F100,27.49,22.56,7,279,06.10.2022
F101,14.62,20.17,7,279,06.10.2022
F102,18.95,21.67,7,279,06.10.2022
F103,20.42,19.45,7,279,06.10.2022
F104,12.51,17.84,7,279,06.10.2022
F105,29.99,16.92,7,279,06.10.2022
F106,14.34,22.33,7,279,06.10.2022
F107,18.39,22.21,7,279,06.10.2022
F108,12.29,12.77,7,279,06.10.2022
F91,,20.02,7,279,06.10.2022
F92,20.42,23.7,7,279,06.10.2022
F93,35.77,19.59,7,279,06.10.2022
F94,16.33,19.39,7,279,06.10.2022
F95,25.41,23.92,7,279,06.10.2022
F96,26.37,22.89,7,279,06.10.2022
F97,14.37,23.96,7,279,06.10.2022
F98,14.6,24.38,7,279,06.10.2022
F99,16.99,8.69,7,279,06.10.2022
G109,26.14,23.63,7,279,06.10.2022
G110,21.06,18.34,7,279,06.10.2022
G111,20.29,13.15,7,279,06.10.2022
G112,25.78,23.53,7,279,06.10.2022
G113,22.33,26.36,7,279,06.10.2022
G114,24.15,21.93,7,279,06.10.2022
G115,29.52,24.93,7,279,06.10.2022
G116,22.3,20.8,7,279,06.10.2022
G117,18.91,19.03,7,279,06.10.2022
G118,24.76,16.73,7,279,06.10.2022
G119,18.98,15.38,7,279,06.10.2022
G120,14.35,16.09,7,279,06.10.2022
G121,21.39,17.93,7,279,06.10.2022
G122,20.68,16.32,7,279,06.10.2022
G123,16.09,18.42,7,279,06.10.2022
G124,18.57,14.95,7,279,06.10.2022
G125,,20.74,7,279,06.10.2022
G126,18.26,18.89,7,279,06.10.2022
H127,25.35,29.44,7,279,06.10.2022
H128,27.96,18.63,7,279,06.10.2022
H129,16.01,20.04,7,279,06.10.2022
H130,17.79,24.94,7,279,06.10.2022
H131,33.65,25.4,7,279,06.10.2022
H132,18.67,14.96,7,279,06.10.2022
H133,24.79,20.33,7,279,06.10.2022
H134,32.78,26.48,7,279,06.10.2022
H135,17.48,15.99,7,279,06.10.2022
H136,33.78,24.76,7,279,06.10.2022
H137,17.44,23.76,7,279,06.10.2022
H138,16.48,22.3,7,279,06.10.2022
H139,,20.46,7,279,06.10.2022
H140,20.67,22.5,7,279,06.10.2022
H141,24.23,27.68,7,279,06.10.2022
H142,25.33,22.41,7,279,06.10.2022
H143,,25.74,7,279,06.10.2022
H144,33.79,21.24,7,279,06.10.2022
I145,25.33,20.69,7,279,06.10.2022
I146,13.85,15.68,7,279,06.10.2022
I147,15.39,21.98,7,279,06.10.2022
I148,7.5,12.03,7,279,06.10.2022
I149,17.23,18.71,7,279,06.10.2022
I150,13.72,15.24,7,279,06.10.2022
I151,20.76,16.85,7,279,06.10.2022
I152,23.58,17.18,7,279,06.10.2022
I153,22.48,21.93,7,279,06.10.2022
I154,19.77,18.11,7,279,06.10.2022
I155,26.26,16.13,7,279,06.10.2022
I156,23.5,17.91,7,279,06.10.2022
I157,,24.01,7,279,06.10.2022
I158,7.67,15.24,7,279,06.10.2022
I159,,17.57,7,279,06.10.2022
I160,23.67,19.51,7,279,06.10.2022
I161,14.85,18.6,7,279,06.10.2022
I162,,21.94,7,279,06.10.2022
J163,13.34,16.43,7,279,06.10.2022
J164,22.34,25.99,7,279,06.10.2022
J165,16.44,17.29,7,279,06.10.2022
J166,28.14,21.33,7,279,06.10.2022
J167,23.33,29.39,7,279,06.10.2022
J168,24.36,17.73,7,279,06.10.2022
J169,25.78,28.69,7,279,06.10.2022
J170,17.63,16.79,7,279,06.10.2022
J171,22.74,26.99,7,279,06.10.2022
J172,33.55,23.87,7,279,06.10.2022
J173,26.32,18.77,7,279,06.10.2022
J174,21.75,21.95,7,279,06.10.2022
J175,14.44,21.48,7,279,06.10.2022
J176,25.35,18.52,7,279,06.10.2022
J177,17.84,21.64,7,279,06.10.2022
J178,23.27,19.02,7,279,06.10.2022
J179,25.1,20.52,7,279,06.10.2022
J180,24.7,19.79,7,279,06.10.2022
K181,22.3,25.92,7,279,06.10.2022
K182,16.81,21.44,7,279,06.10.2022
K183,19.98,18.86,7,279,06.10.2022
K184,8.9,17.65,7,279,06.10.2022
K185,15.27,16.26,7,279,06.10.2022
K186,23.78,16.29,7,279,06.10.2022
K187,,21.3,7,279,06.10.2022
K188,23.69,21.01,7,279,06.10.2022
K189,18.07,16.68,7,279,06.10.2022
K190,9.98,,7,279,06.10.2022
K191,20.99,18.24,7,279,06.10.2022
K192,23.61,16.33,7,279,06.10.2022
K193,21.28,18.89,7,279,06.10.2022
K194,19.51,20.44,7,279,06.10.2022
K195,22.48,19.06,7,279,06.10.2022
K196,23.48,19.8,7,279,06.10.2022
K197,24.43,22.64,7,279,06.10.2022
K198,25.3,19.97,7,279,06.10.2022
A01,17.14,15.5,8,286,13.10.2022
A02,24.24,26.21,8,286,13.10.2022
A03,24.06,21.39,8,286,13.10.2022
A04,23.54,21.35,8,286,13.10.2022
A05,25.05,20.07,8,286,13.10.2022
A06,35.63,23.97,8,286,13.10.2022
A07,18.13,19.58,8,286,13.10.2022
A08,22.88,20.77,8,286,13.10.2022
A09,17.16,14,8,286,13.10.2022
A10,21.24,18.92,8,286,13.10.2022
A11,38.91,29.35,8,286,13.10.2022
A12,33.15,19.92,8,286,13.10.2022
A13,23.58,21.55,8,286,13.10.2022
A14,24.01,18.06,8,286,13.10.2022
A15,27.33,16.6,8,286,13.10.2022
A16,17.89,21.46,8,286,13.10.2022
A17,28.89,21.06,8,286,13.10.2022
A18,17.88,21.44,8,286,13.10.2022
B19,23.28,16.42,8,286,13.10.2022
B20,18.15,18.82,8,286,13.10.2022
B21,18.47,23.78,8,286,13.10.2022
B22,19.3,11.39,8,286,13.10.2022
B23,21.58,17.37,8,286,13.10.2022
B24,15.04,15.73,8,286,13.10.2022
B25,21.52,25.31,8,286,13.10.2022
B26,27.33,23.41,8,286,13.10.2022
B27,13.73,14.14,8,286,13.10.2022
B28,17.98,31.68,8,286,13.10.2022
B29,26.79,23.8,8,286,13.10.2022
B30,16.13,21.34,8,286,13.10.2022
B31,26.34,17.05,8,286,13.10.2022
B32,21.35,20.04,8,286,13.10.2022
B33,15.73,16.55,8,286,13.10.2022
B34,18.53,18.79,8,286,13.10.2022
B35,17.5,29.54,8,286,13.10.2022
B36,21.18,16.82,8,286,13.10.2022
C37,25.98,20.38,8,286,13.10.2022
C38,21.05,20.01,8,286,13.10.2022
C39,13.49,14.85,8,286,13.10.2022
C40,14.63,16.77,8,286,13.10.2022
C41,38.32,22.81,8,286,13.10.2022
C42,23.01,22.69,8,286,13.10.2022
C43,22.42,17.85,8,286,13.10.2022
C44,28.36,21.97,8,286,13.10.2022
C45,28.55,19.43,8,286,13.10.2022
C46,21.7,18.29,8,286,13.10.2022
C47,37.67,29.19,8,286,13.10.2022
C48,15.58,18.89,8,286,13.10.2022
C49,23.44,22.28,8,286,13.10.2022
C50,19.35,32.41,8,286,13.10.2022
C51,33.16,24.98,8,286,13.10.2022
C52,21.38,21.75,8,286,13.10.2022
C53,23.07,31.17,8,286,13.10.2022
C54,19.31,24.64,8,286,13.10.2022
D55,30.18,25.57,8,286,13.10.2022
D56,27.61,22.15,8,286,13.10.2022
D57,28.62,21.92,8,286,13.10.2022
D58,25.05,17.99,8,286,13.10.2022
D59,27.28,19.75,8,286,13.10.2022
D60,,25.34,8,286,13.10.2022
D61,26.22,25.52,8,286,13.10.2022
D62,31.91,22.82,8,286,13.10.2022
D63,18.08,18.76,8,286,13.10.2022
D64,22.89,16.92,8,286,13.10.2022
D65,28.06,19.93,8,286,13.10.2022
D66,31.1,23.14,8,286,13.10.2022
D67,34.59,18.14,8,286,13.10.2022
D68,16.96,16.24,8,286,13.10.2022
D69,23.1,20.25,8,286,13.10.2022
D70,29.5,20.67,8,286,13.10.2022
D71,23.42,17.48,8,286,13.10.2022
D72,,15.16,8,286,13.10.2022
E73,31.59,17.7,8,286,13.10.2022
E74,29.84,21.64,8,286,13.10.2022
E75,25.86,,8,286,13.10.2022
E76,30.54,19.85,8,286,13.10.2022
E77,31.42,28.58,8,286,13.10.2022
E78,21.05,19.01,8,286,13.10.2022
E79,21.68,19.06,8,286,13.10.2022
E80,51.58,22.89,8,286,13.10.2022
E81,23.57,24.05,8,286,13.10.2022
E82,20.26,22.15,8,286,13.10.2022
E83,,23.23,8,286,13.10.2022
E84,25.75,21.09,8,286,13.10.2022
E85,19.99,21.54,8,286,13.10.2022
E86,29.58,20.73,8,286,13.10.2022
E87,37.03,22.1,8,286,13.10.2022
E88,22.77,26.07,8,286,13.10.2022
E89,23.34,26.2,8,286,13.10.2022
E90,22.06,25.86,8,286,13.10.2022
F100,27.51,22.56,8,286,13.10.2022
F101,15.24,20.17,8,286,13.10.2022
F102,19.72,21.69,8,286,13.10.2022
F103,20.46,19.47,8,286,13.10.2022
F104,13.82,17.88,8,286,13.10.2022
F105,29.99,16.97,8,286,13.10.2022
F106,14.35,22.45,8,286,13.10.2022
F107,18.4,22.4,8,286,13.10.2022
F108,12.31,12.85,8,286,13.10.2022
F91,,20.1,8,286,13.10.2022
F92,20.62,23.72,8,286,13.10.2022
F93,35.8,19.64,8,286,13.10.2022
F94,16.33,19.42,8,286,13.10.2022
F95,25.42,23.94,8,286,13.10.2022
F96,27.41,23.12,8,286,13.10.2022
F97,14.62,23.96,8,286,13.10.2022
F98,15.24,24.4,8,286,13.10.2022
F99,17.01,8.7,8,286,13.10.2022
G109,26.82,23.63,8,286,13.10.2022
G110,21.34,18.53,8,286,13.10.2022
G111,20.33,13.17,8,286,13.10.2022
G112,25.84,23.55,8,286,13.10.2022
G113,22.66,26.59,8,286,13.10.2022
G114,24.15,21.95,8,286,13.10.2022
G115,29.53,25.56,8,286,13.10.2022
G116,22.31,20.83,8,286,13.10.2022
G117,18.93,19.08,8,286,13.10.2022
G118,24.95,16.75,8,286,13.10.2022
G119,19.89,15.39,8,286,13.10.2022
G120,14.37,16.12,8,286,13.10.2022
G121,21.5,17.93,8,286,13.10.2022
G122,21.35,16.4,8,286,13.10.2022
G123,17.72,18.44,8,286,13.10.2022
G124,19.75,14.98,8,286,13.10.2022
G125,,20.77,8,286,13.10.2022
G126,19.82,19.37,8,286,13.10.2022
H127,27.56,29.45,8,286,13.10.2022
H128,28.07,18.66,8,286,13.10.2022
H129,16.86,20.05,8,286,13.10.2022
H130,17.83,24.98,8,286,13.10.2022
H131,33.69,25.42,8,286,13.10.2022
H132,18.68,15,8,286,13.10.2022
H133,24.8,20.36,8,286,13.10.2022
H134,32.78,26.49,8,286,13.10.2022
H135,17.53,16,8,286,13.10.2022
H136,33.79,24.79,8,286,13.10.2022
H137,18.48,23.77,8,286,13.10.2022
H138,18.05,22.34,8,286,13.10.2022
H139,,20.5,8,286,13.10.2022
H140,20.68,22.54,8,286,13.10.2022
H141,26,27.71,8,286,13.10.2022
H142,25.49,22.45,8,286,13.10.2022
H143,,25.76,8,286,13.10.2022
H144,33.79,21.71,8,286,13.10.2022
I145,25.36,20.71,8,286,13.10.2022
I146,13.86,15.71,8,286,13.10.2022
I147,15.39,21.98,8,286,13.10.2022
I148,7.51,12.07,8,286,13.10.2022
I149,17.25,18.74,8,286,13.10.2022
I150,13.73,15.27,8,286,13.10.2022
I151,20.8,16.88,8,286,13.10.2022
I152,23.61,17.19,8,286,13.10.2022
I153,22.5,22.11,8,286,13.10.2022
I154,19.8,18.14,8,286,13.10.2022
I155,26.27,16.16,8,286,13.10.2022
I156,23.51,17.92,8,286,13.10.2022
I157,,24.04,8,286,13.10.2022
I158,7.7,15.26,8,286,13.10.2022
I159,,17.59,8,286,13.10.2022
I160,23.68,19.52,8,286,13.10.2022
I161,14.88,18.62,8,286,13.10.2022
I162,,21.94,8,286,13.10.2022
J163,14.2,17.16,8,286,13.10.2022
J164,23.26,25.99,8,286,13.10.2022
J165,16.56,17.3,8,286,13.10.2022
J166,29.93,22.63,8,286,13.10.2022
J167,23.36,29.42,8,286,13.10.2022
J168,24.39,17.75,8,286,13.10.2022
J169,25.83,28.69,8,286,13.10.2022
J170,18.63,16.8,8,286,13.10.2022
J171,22.75,27.01,8,286,13.10.2022
J172,33.59,23.91,8,286,13.10.2022
J173,26.34,18.87,8,286,13.10.2022
J174,21.78,21.97,8,286,13.10.2022
J175,16.14,21.5,8,286,13.10.2022
J176,25.37,18.54,8,286,13.10.2022
J177,20.15,21.65,8,286,13.10.2022
J178,24.11,19.98,8,286,13.10.2022
J179,25.11,20.53,8,286,13.10.2022
J180,24.73,19.81,8,286,13.10.2022
K181,22.32,25.93,8,286,13.10.2022
K182,16.83,21.47,8,286,13.10.2022
K183,20.65,18.92,8,286,13.10.2022
K184,9.33,17.67,8,286,13.10.2022
K185,16.2,16.34,8,286,13.10.2022
K186,23.81,16.29,8,286,13.10.2022
K187,,21.31,8,286,13.10.2022
K188,24.45,21.32,8,286,13.10.2022
K189,18.41,16.71,8,286,13.10.2022
K190,10.01,,8,286,13.10.2022
K191,21,18.27,8,286,13.10.2022
K192,23.64,16.44,8,286,13.10.2022
K193,21.31,18.96,8,286,13.10.2022
K194,19.53,20.47,8,286,13.10.2022
K195,22.86,19.07,8,286,13.10.2022
K196,23.49,19.84,8,286,13.10.2022
K197,24.48,22.65,8,286,13.10.2022
K198,25.32,19.99,8,286,13.10.2022
A01,17.21,15.51,9,293,20.10.2022
A02,24.3,26.23,9,293,20.10.2022
A03,24.07,21.42,9,293,20.10.2022
A04,23.57,21.35,9,293,20.10.2022
A05,25.63,20.09,9,293,20.10.2022
A06,35.66,24,9,293,20.10.2022
A07,18.15,19.6,9,293,20.10.2022
A08,23.18,20.79,9,293,20.10.2022
A09,17.17,14,9,293,20.10.2022
A10,21.25,18.95,9,293,20.10.2022
A11,38.93,29.37,9,293,20.10.2022
A12,33.18,19.97,9,293,20.10.2022
A13,24.1,21.57,9,293,20.10.2022
A14,24.03,18.08,9,293,20.10.2022
A15,27.34,16.62,9,293,20.10.2022
A16,18.47,21.49,9,293,20.10.2022
A17,28.93,21.07,9,293,20.10.2022
A18,19.21,21.45,9,293,20.10.2022
B19,23.29,16.46,9,293,20.10.2022
B20,18.15,18.85,9,293,20.10.2022
B21,18.49,23.82,9,293,20.10.2022
B22,19.3,11.43,9,293,20.10.2022
B23,21.61,17.38,9,293,20.10.2022
B24,15.06,15.77,9,293,20.10.2022
B25,21.55,25.48,9,293,20.10.2022
B26,27.33,23.45,9,293,20.10.2022
B27,13.78,14.14,9,293,20.10.2022
B28,18.25,31.68,9,293,20.10.2022
B29,26.86,23.83,9,293,20.10.2022
B30,16.71,21.37,9,293,20.10.2022
B31,26.36,17.06,9,293,20.10.2022
B32,21.41,20.05,9,293,20.10.2022
B33,15.76,16.57,9,293,20.10.2022
B34,18.57,18.81,9,293,20.10.2022
B35,18.11,29.54,9,293,20.10.2022
B36,21.6,16.82,9,293,20.10.2022
C37,26.12,20.4,9,293,20.10.2022
C38,21.15,20.02,9,293,20.10.2022
C39,13.52,14.9,9,293,20.10.2022
C40,14.63,16.83,9,293,20.10.2022
C41,38.32,22.82,9,293,20.10.2022
C42,23.03,22.69,9,293,20.10.2022
C43,22.43,17.87,9,293,20.10.2022
C44,28.49,22.01,9,293,20.10.2022
C45,28.59,19.44,9,293,20.10.2022
C46,21.72,18.31,9,293,20.10.2022
C47,37.68,29.2,9,293,20.10.2022
C48,16.87,18.91,9,293,20.10.2022
C49,23.69,22.31,9,293,20.10.2022
C50,19.38,32.44,9,293,20.10.2022
C51,33.24,25.02,9,293,20.10.2022
C52,22.61,21.79,9,293,20.10.2022
C53,24.07,31.2,9,293,20.10.2022
C54,19.98,24.67,9,293,20.10.2022
D55,30.19,25.57,9,293,20.10.2022
D56,27.62,22.17,9,293,20.10.2022
D57,28.7,21.92,9,293,20.10.2022
D58,25.06,18.01,9,293,20.10.2022
D59,27.29,19.76,9,293,20.10.2022
D60,,25.37,9,293,20.10.2022
D61,26.34,25.56,9,293,20.10.2022
D62,31.95,22.87,9,293,20.10.2022
D63,18.14,18.8,9,293,20.10.2022
D64,23.01,17,9,293,20.10.2022
D65,28.56,20.07,9,293,20.10.2022
D66,31.16,23.17,9,293,20.10.2022
D67,34.6,18.18,9,293,20.10.2022
D68,16.99,16.27,9,293,20.10.2022
D69,23.13,20.27,9,293,20.10.2022
D70,29.53,20.7,9,293,20.10.2022
D71,23.44,17.5,9,293,20.10.2022
D72,,15.17,9,293,20.10.2022
E73,31.59,17.73,9,293,20.10.2022
E74,29.85,21.64,9,293,20.10.2022
E75,25.86,,9,293,20.10.2022
E76,30.57,19.85,9,293,20.10.2022
E77,31.44,28.58,9,293,20.10.2022
E78,21.56,19.04,9,293,20.10.2022
E79,22.08,19.09,9,293,20.10.2022
E80,51.61,22.91,9,293,20.10.2022
E81,23.57,24.06,9,293,20.10.2022
E82,21.39,22.16,9,293,20.10.2022
E83,,23.26,9,293,20.10.2022
E84,25.79,21.12,9,293,20.10.2022
E85,21,21.55,9,293,20.10.2022
E86,29.69,20.79,9,293,20.10.2022
E87,37.05,22.13,9,293,20.10.2022
E88,23.5,26.11,9,293,20.10.2022
E89,23.35,26.22,9,293,20.10.2022
E90,22.43,25.86,9,293,20.10.2022
F100,27.52,22.57,9,293,20.10.2022
F101,15.32,20.19,9,293,20.10.2022
F102,20.02,21.72,9,293,20.10.2022
F103,20.49,19.48,9,293,20.10.2022
F104,13.89,17.89,9,293,20.10.2022
F105,30.01,17,9,293,20.10.2022
F106,14.35,22.48,9,293,20.10.2022
F107,18.42,22.46,9,293,20.10.2022
F108,12.33,12.88,9,293,20.10.2022
F91,,20.11,9,293,20.10.2022
F92,20.7,23.75,9,293,20.10.2022
F93,35.81,19.68,9,293,20.10.2022
F94,16.36,19.45,9,293,20.10.2022
F95,25.45,23.96,9,293,20.10.2022
F96,27.8,23.17,9,293,20.10.2022
F97,14.73,24,9,293,20.10.2022
F98,15.55,24.41,9,293,20.10.2022
F99,17.02,8.72,9,293,20.10.2022
G109,27.03,23.65,9,293,20.10.2022
G110,21.42,18.62,9,293,20.10.2022
G111,20.36,13.18,9,293,20.10.2022
G112,25.87,23.57,9,293,20.10.2022
G113,22.73,26.64,9,293,20.10.2022
G114,24.16,21.97,9,293,20.10.2022
G115,29.55,25.59,9,293,20.10.2022
G116,22.34,20.84,9,293,20.10.2022
G117,18.93,19.1,9,293,20.10.2022
G118,25.09,16.75,9,293,20.10.2022
G119,20.38,15.42,9,293,20.10.2022
G120,14.39,16.14,9,293,20.10.2022
G121,21.53,17.93,9,293,20.10.2022
G122,22.3,16.43,9,293,20.10.2022
G123,18.34,18.47,9,293,20.10.2022
G124,20.81,15.02,9,293,20.10.2022
G125,,20.8,9,293,20.10.2022
G126,21.15,19.45,9,293,20.10.2022
H127,27.63,29.47,9,293,20.10.2022
H128,28.09,18.67,9,293,20.10.2022
H129,17.04,20.08,9,293,20.10.2022
H130,17.83,25,9,293,20.10.2022
H131,33.7,25.44,9,293,20.10.2022
H132,18.69,15.04,9,293,20.10.2022
H133,24.83,20.4,9,293,20.10.2022
H134,32.79,26.49,9,293,20.10.2022
H135,17.53,16.02,9,293,20.10.2022
H136,33.81,24.83,9,293,20.10.2022
H137,18.56,23.8,9,293,20.10.2022
H138,18.09,22.35,9,293,20.10.2022
H139,,20.54,9,293,20.10.2022
H140,20.69,22.55,9,293,20.10.2022
H141,26.08,27.75,9,293,20.10.2022
H142,25.73,22.48,9,293,20.10.2022
H143,,25.8,9,293,20.10.2022
H144,33.82,21.87,9,293,20.10.2022
I145,25.39,20.73,9,293,20.10.2022
I146,13.86,15.74,9,293,20.10.2022
I147,15.41,21.99,9,293,20.10.2022
I148,7.51,12.1,9,293,20.10.2022
I149,17.28,18.74,9,293,20.10.2022
I150,13.74,15.3,9,293,20.10.2022
I151,20.82,16.92,9,293,20.10.2022
I152,23.65,17.2,9,293,20.10.2022
I153,22.5,22.14,9,293,20.10.2022
I154,19.83,18.16,9,293,20.10.2022
I155,26.28,16.17,9,293,20.10.2022
I156,23.54,17.93,9,293,20.10.2022
I157,,24.04,9,293,20.10.2022
I158,7.7,15.28,9,293,20.10.2022
I159,,17.61,9,293,20.10.2022
I160,23.7,19.55,9,293,20.10.2022
I161,14.91,18.65,9,293,20.10.2022
I162,,21.95,9,293,20.10.2022
J163,14.93,17.53,9,293,20.10.2022
J164,23.45,26,9,293,20.10.2022
J165,16.57,17.34,9,293,20.10.2022
J166,30.27,22.67,9,293,20.10.2022
J167,23.37,29.42,9,293,20.10.2022
J168,24.4,17.79,9,293,20.10.2022
J169,25.86,28.73,9,293,20.10.2022
J170,19.7,16.82,9,293,20.10.2022
J171,22.77,27.02,9,293,20.10.2022
J172,33.6,23.92,9,293,20.10.2022
J173,26.37,18.9,9,293,20.10.2022
J174,21.79,22.01,9,293,20.10.2022
J175,16.86,21.54,9,293,20.10.2022
J176,25.41,18.54,9,293,20.10.2022
J177,20.91,21.65,9,293,20.10.2022
J178,24.94,20.04,9,293,20.10.2022
J179,25.11,20.57,9,293,20.10.2022
J180,24.73,19.84,9,293,20.10.2022
K181,22.33,25.96,9,293,20.10.2022
K182,16.85,21.48,9,293,20.10.2022
K183,20.7,18.94,9,293,20.10.2022
K184,9.88,17.69,9,293,20.10.2022
K185,16.23,16.36,9,293,20.10.2022
K186,23.81,16.3,9,293,20.10.2022
K187,,21.34,9,293,20.10.2022
K188,24.48,21.36,9,293,20.10.2022
K189,18.86,16.8,9,293,20.10.2022
K190,10.04,,9,293,20.10.2022
K191,21.01,18.3,9,293,20.10.2022
K192,23.67,16.49,9,293,20.10.2022
K193,21.32,19.02,9,293,20.10.2022
K194,19.54,20.48,9,293,20.10.2022
K195,22.91,19.1,9,293,20.10.2022
K196,23.51,19.87,9,293,20.10.2022
K197,24.51,22.7,9,293,20.10.2022
K198,25.35,20.02,9,293,20.10.2022
A01,17.23,15.51,10,300,27.10.2022
A02,24.34,26.23,10,300,27.10.2022
A03,24.09,21.43,10,300,27.10.2022
A04,23.58,21.35,10,300,27.10.2022
A05,25.82,20.12,10,300,27.10.2022
A06,35.68,24.03,10,300,27.10.2022
A07,18.17,19.6,10,300,27.10.2022
A08,23.26,20.8,10,300,27.10.2022
A09,17.19,14,10,300,27.10.2022
A10,21.25,18.96,10,300,27.10.2022
A11,38.95,29.39,10,300,27.10.2022
A12,33.2,20,10,300,27.10.2022
A13,24.13,21.59,10,300,27.10.2022
A14,24.06,18.09,10,300,27.10.2022
A15,27.35,16.63,10,300,27.10.2022
A16,18.6,21.5,10,300,27.10.2022
A17,28.98,21.1,10,300,27.10.2022
A18,19.32,21.46,10,300,27.10.2022
B19,23.32,16.48,10,300,27.10.2022
B20,18.17,18.85,10,300,27.10.2022
B21,18.52,23.84,10,300,27.10.2022
B22,19.31,11.45,10,300,27.10.2022
B23,21.63,17.4,10,300,27.10.2022
B24,15.08,15.79,10,300,27.10.2022
B25,21.56,25.49,10,300,27.10.2022
B26,27.35,23.47,10,300,27.10.2022
B27,13.78,14.16,10,300,27.10.2022
B28,18.27,31.69,10,300,27.10.2022
B29,26.87,23.86,10,300,27.10.2022
B30,16.83,21.38,10,300,27.10.2022
B31,26.37,17.07,10,300,27.10.2022
B32,21.45,20.06,10,300,27.10.2022
B33,15.76,16.58,10,300,27.10.2022
B34,18.59,18.82,10,300,27.10.2022
B35,18.25,29.55,10,300,27.10.2022
B36,21.76,16.83,10,300,27.10.2022
C37,26.14,20.43,10,300,27.10.2022
C38,21.17,20.05,10,300,27.10.2022
C39,13.54,14.93,10,300,27.10.2022
C40,14.65,16.86,10,300,27.10.2022
C41,38.33,22.83,10,300,27.10.2022
C42,23.04,22.71,10,300,27.10.2022
C43,22.46,17.9,10,300,27.10.2022
C44,28.54,22.01,10,300,27.10.2022
C45,28.6,19.46,10,300,27.10.2022
C46,21.74,18.32,10,300,27.10.2022
C47,37.7,29.23,10,300,27.10.2022
C48,17,18.92,10,300,27.10.2022
C49,23.77,22.33,10,300,27.10.2022
C50,19.4,32.46,10,300,27.10.2022
C51,33.25,25.02,10,300,27.10.2022
C52,22.64,21.81,10,300,27.10.2022
C53,24.29,31.21,10,300,27.10.2022
C54,19.99,24.69,10,300,27.10.2022
D55,30.21,25.59,10,300,27.10.2022
D56,27.63,22.19,10,300,27.10.2022
D57,28.73,21.94,10,300,27.10.2022
D58,25.08,18.04,10,300,27.10.2022
D59,27.3,19.79,10,300,27.10.2022
D60,,25.38,10,300,27.10.2022
D61,26.37,25.57,10,300,27.10.2022
D62,31.97,22.87,10,300,27.10.2022
D63,18.16,18.8,10,300,27.10.2022
D64,23.02,17.03,10,300,27.10.2022
D65,28.76,20.09,10,300,27.10.2022
D66,31.17,23.2,10,300,27.10.2022
D67,34.61,18.21,10,300,27.10.2022
D68,16.99,16.27,10,300,27.10.2022
D69,23.13,20.29,10,300,27.10.2022
D70,29.55,20.71,10,300,27.10.2022
D71,23.45,17.5,10,300,27.10.2022
D72,,15.18,10,300,27.10.2022
E73,31.59,17.76,10,300,27.10.2022
E74,29.88,21.65,10,300,27.10.2022
E75,25.87,,10,300,27.10.2022
E76,30.59,19.86,10,300,27.10.2022
E77,31.45,28.58,10,300,27.10.2022
E78,21.96,19.04,10,300,27.10.2022
E79,22.39,19.09,10,300,27.10.2022
E80,51.61,22.92,10,300,27.10.2022
E81,23.59,24.06,10,300,27.10.2022
E82,21.82,22.18,10,300,27.10.2022
E83,,23.29,10,300,27.10.2022
E84,25.79,21.12,10,300,27.10.2022
E85,21.02,21.58,10,300,27.10.2022
E86,29.74,20.8,10,300,27.10.2022
E87,37.05,22.16,10,300,27.10.2022
E88,23.56,26.13,10,300,27.10.2022
E89,23.38,26.25,10,300,27.10.2022
E90,22.7,25.87,10,300,27.10.2022
F100,27.53,22.6,10,300,27.10.2022
F101,15.33,20.22,10,300,27.10.2022
F102,20.29,21.74,10,300,27.10.2022
F103,20.51,19.48,10,300,27.10.2022
F104,13.92,17.9,10,300,27.10.2022
F105,30.03,17.01,10,300,27.10.2022
F106,14.38,22.5,10,300,27.10.2022
F107,18.43,22.48,10,300,27.10.2022
F108,12.33,12.9,10,300,27.10.2022
F91,,20.12,10,300,27.10.2022
F92,20.72,23.76,10,300,27.10.2022
F93,35.83,19.69,10,300,27.10.2022
F94,16.37,19.46,10,300,27.10.2022
F95,25.45,23.99,10,300,27.10.2022
F96,28.11,23.17,10,300,27.10.2022
F97,14.74,24.02,10,300,27.10.2022
F98,15.74,24.42,10,300,27.10.2022
F99,17.04,8.74,10,300,27.10.2022
G109,27.24,23.66,10,300,27.10.2022
G110,21.42,18.64,10,300,27.10.2022
G111,20.39,13.18,10,300,27.10.2022
G112,25.88,23.58,10,300,27.10.2022
G113,22.74,26.66,10,300,27.10.2022
G114,24.17,21.99,10,300,27.10.2022
G115,29.58,25.61,10,300,27.10.2022
G116,22.36,20.86,10,300,27.10.2022
G117,18.94,19.12,10,300,27.10.2022
G118,25.1,16.75,10,300,27.10.2022
G119,20.49,15.43,10,300,27.10.2022
G120,14.41,16.17,10,300,27.10.2022
G121,21.54,17.96,10,300,27.10.2022
G122,23,16.46,10,300,27.10.2022
G123,19,18.48,10,300,27.10.2022
G124,21.03,15.03,10,300,27.10.2022
G125,,20.82,10,300,27.10.2022
G126,21.58,19.45,10,300,27.10.2022
H127,27.65,29.49,10,300,27.10.2022
H128,28.1,18.68,10,300,27.10.2022
H129,17.27,20.09,10,300,27.10.2022
H130,17.84,25.02,10,300,27.10.2022
H131,33.71,25.45,10,300,27.10.2022
H132,18.69,15.06,10,300,27.10.2022
H133,24.83,20.43,10,300,27.10.2022
H134,32.8,26.51,10,300,27.10.2022
H135,17.53,16.03,10,300,27.10.2022
H136,33.82,24.84,10,300,27.10.2022
H137,18.58,23.81,10,300,27.10.2022
H138,18.09,22.35,10,300,27.10.2022
H139,,20.56,10,300,27.10.2022
H140,20.7,22.57,10,300,27.10.2022
H141,26.11,27.76,10,300,27.10.2022
H142,25.82,22.51,10,300,27.10.2022
H143,,25.82,10,300,27.10.2022
H144,33.84,22.03,10,300,27.10.2022
I145,25.39,20.74,10,300,27.10.2022
I146,13.88,15.76,10,300,27.10.2022
I147,15.42,22.02,10,300,27.10.2022
I148,7.53,12.12,10,300,27.10.2022
I149,17.29,18.76,10,300,27.10.2022
I150,13.76,15.31,10,300,27.10.2022
I151,20.85,16.95,10,300,27.10.2022
I152,23.68,17.2,10,300,27.10.2022
I153,22.53,22.15,10,300,27.10.2022
I154,19.84,18.18,10,300,27.10.2022
I155,26.31,16.18,10,300,27.10.2022
I156,23.56,17.95,10,300,27.10.2022
I157,,24.05,10,300,27.10.2022
I158,7.71,15.29,10,300,27.10.2022
I159,,17.62,10,300,27.10.2022
I160,23.71,19.57,10,300,27.10.2022
I161,14.92,18.66,10,300,27.10.2022
I162,,21.98,10,300,27.10.2022
J163,15.16,17.66,10,300,27.10.2022
J164,23.63,26.02,10,300,27.10.2022
J165,16.59,17.36,10,300,27.10.2022
J166,30.35,22.67,10,300,27.10.2022
J167,23.38,29.45,10,300,27.10.2022
J168,24.42,17.82,10,300,27.10.2022
J169,25.87,28.75,10,300,27.10.2022
J170,19.72,16.84,10,300,27.10.2022
J171,22.79,27.03,10,300,27.10.2022
J172,33.62,23.94,10,300,27.10.2022
J173,26.38,18.93,10,300,27.10.2022
J174,21.79,22.01,10,300,27.10.2022
J175,17.33,21.56,10,300,27.10.2022
J176,25.42,18.55,10,300,27.10.2022
J177,21.28,21.65,10,300,27.10.2022
J178,25.4,20.07,10,300,27.10.2022
J179,25.13,20.58,10,300,27.10.2022
J180,24.74,19.87,10,300,27.10.2022
K181,22.34,25.97,10,300,27.10.2022
K182,16.85,21.5,10,300,27.10.2022
K183,20.7,18.95,10,300,27.10.2022
K184,9.9,17.7,10,300,27.10.2022
K185,16.26,16.37,10,300,27.10.2022
K186,23.83,16.33,10,300,27.10.2022
K187,,21.34,10,300,27.10.2022
K188,24.49,21.39,10,300,27.10.2022
K189,18.92,16.82,10,300,27.10.2022
K190,10.06,,10,300,27.10.2022
K191,21.03,18.32,10,300,27.10.2022
K192,23.68,16.49,10,300,27.10.2022
K193,21.33,19.04,10,300,27.10.2022
K194,19.56,20.5,10,300,27.10.2022
K195,22.91,19.1,10,300,27.10.2022
K196,23.51,19.87,10,300,27.10.2022
K197,24.53,22.71,10,300,27.10.2022
K198,25.37,20.03,10,300,27.10.2022
A01,17.24,15.52,11,307,03.11.2022
A02,24.34,26.26,11,307,03.11.2022
A03,24.12,21.44,11,307,03.11.2022
A04,23.62,21.38,11,307,03.11.2022
A05,25.85,20.15,11,307,03.11.2022
A06,35.68,24.04,11,307,03.11.2022
A07,18.17,19.61,11,307,03.11.2022
A08,23.31,20.81,11,307,03.11.2022
A09,17.23,14.02,11,307,03.11.2022
A10,21.29,19,11,307,03.11.2022
A11,38.98,29.41,11,307,03.11.2022
A12,33.21,20.02,11,307,03.11.2022
A13,24.14,21.59,11,307,03.11.2022
A14,24.06,18.12,11,307,03.11.2022
A15,27.36,16.65,11,307,03.11.2022
A16,18.61,21.54,11,307,03.11.2022
A17,29.02,21.14,11,307,03.11.2022
A18,19.36,21.49,11,307,03.11.2022
B19,23.33,16.52,11,307,03.11.2022
B20,18.21,18.86,11,307,03.11.2022
B21,18.54,23.85,11,307,03.11.2022
B22,19.32,11.48,11,307,03.11.2022
B23,21.64,17.42,11,307,03.11.2022
B24,15.11,15.8,11,307,03.11.2022
B25,21.56,25.5,11,307,03.11.2022
B26,27.36,23.47,11,307,03.11.2022
B27,13.82,14.2,11,307,03.11.2022
B28,18.27,31.72,11,307,03.11.2022
B29,26.9,23.88,11,307,03.11.2022
B30,16.85,21.4,11,307,03.11.2022
B31,26.41,17.1,11,307,03.11.2022
B32,21.45,20.08,11,307,03.11.2022
B33,15.78,16.59,11,307,03.11.2022
B34,18.61,18.83,11,307,03.11.2022
B35,18.25,29.57,11,307,03.11.2022
B36,21.77,16.87,11,307,03.11.2022
C37,26.17,20.44,11,307,03.11.2022
C38,21.21,20.07,11,307,03.11.2022
C39,13.57,14.95,11,307,03.11.2022
C40,14.67,16.89,11,307,03.11.2022
C41,38.34,22.83,11,307,03.11.2022
C42,23.08,22.72,11,307,03.11.2022
C43,22.48,17.94,11,307,03.11.2022
C44,28.55,22.03,11,307,03.11.2022
C45,28.61,19.47,11,307,03.11.2022
C46,21.77,18.32,11,307,03.11.2022
C47,37.74,29.23,11,307,03.11.2022
C48,17.05,18.93,11,307,03.11.2022
C49,23.81,22.37,11,307,03.11.2022
C50,19.4,32.47,11,307,03.11.2022
C51,33.3,25.03,11,307,03.11.2022
C52,22.66,21.83,11,307,03.11.2022
C53,24.37,31.24,11,307,03.11.2022
C54,19.99,24.7,11,307,03.11.2022
D55,30.26,25.6,11,307,03.11.2022
D56,27.67,22.19,11,307,03.11.2022
D57,28.78,21.98,11,307,03.11.2022
D58,25.1,18.08,11,307,03.11.2022
D59,27.32,19.8,11,307,03.11.2022
D60,,25.41,11,307,03.11.2022
D61,26.38,25.6,11,307,03.11.2022
D62,31.97,22.91,11,307,03.11.2022
D63,18.18,18.82,11,307,03.11.2022
D64,23.04,17.06,11,307,03.11.2022
D65,28.77,20.12,11,307,03.11.2022
D66,31.22,23.2,11,307,03.11.2022
D67,34.64,18.22,11,307,03.11.2022
D68,17.01,16.3,11,307,03.11.2022
D69,23.16,20.3,11,307,03.11.2022
D70,29.55,20.72,11,307,03.11.2022
D71,23.47,17.52,11,307,03.11.2022
D72,,15.2,11,307,03.11.2022
E73,31.62,17.77,11,307,03.11.2022
E74,29.92,21.66,11,307,03.11.2022
E75,25.88,,11,307,03.11.2022
E76,30.64,19.9,11,307,03.11.2022
E77,31.46,28.59,11,307,03.11.2022
E78,22.08,19.04,11,307,03.11.2022
E79,22.46,19.11,11,307,03.11.2022
E80,51.64,22.96,11,307,03.11.2022
E81,23.64,24.08,11,307,03.11.2022
E82,21.94,22.21,11,307,03.11.2022
E83,,23.31,11,307,03.11.2022
E84,25.82,21.12,11,307,03.11.2022
E85,21.04,21.61,11,307,03.11.2022
E86,29.78,20.81,11,307,03.11.2022
E87,37.09,22.19,11,307,03.11.2022
E88,23.6,26.14,11,307,03.11.2022
E89,23.38,26.26,11,307,03.11.2022
E90,22.84,25.89,11,307,03.11.2022
F100,27.55,22.62,11,307,03.11.2022
F101,15.33,20.25,11,307,03.11.2022
F102,20.32,21.78,11,307,03.11.2022
F103,20.55,19.51,11,307,03.11.2022
F104,13.95,17.93,11,307,03.11.2022
F105,30.04,17.03,11,307,03.11.2022
F106,14.42,22.5,11,307,03.11.2022
F107,18.45,22.48,11,307,03.11.2022
F108,12.34,12.94,11,307,03.11.2022
F91,,20.14,11,307,03.11.2022
F92,20.74,23.78,11,307,03.11.2022
F93,35.87,19.72,11,307,03.11.2022
F94,16.4,19.47,11,307,03.11.2022
F95,25.45,24.01,11,307,03.11.2022
F96,28.2,23.18,11,307,03.11.2022
F97,14.77,24.02,11,307,03.11.2022
F98,15.87,24.45,11,307,03.11.2022
F99,17.07,8.75,11,307,03.11.2022
G109,27.32,23.67,11,307,03.11.2022
G110,21.47,18.66,11,307,03.11.2022
G111,20.43,13.22,11,307,03.11.2022
G112,25.9,23.6,11,307,03.11.2022
G113,22.76,26.68,11,307,03.11.2022
G114,24.21,22.03,11,307,03.11.2022
G115,29.6,25.61,11,307,03.11.2022
G116,22.38,20.87,11,307,03.11.2022
G117,18.95,19.16,11,307,03.11.2022
G118,25.13,16.76,11,307,03.11.2022
G119,20.5,15.46,11,307,03.11.2022
G120,14.44,16.19,11,307,03.11.2022
G121,21.56,18,11,307,03.11.2022
G122,23.09,16.5,11,307,03.11.2022
G123,19.11,18.51,11,307,03.11.2022
G124,21.08,15.03,11,307,03.11.2022
G125,,20.85,11,307,03.11.2022
G126,21.64,19.46,11,307,03.11.2022
H127,27.7,29.52,11,307,03.11.2022
H128,28.14,18.71,11,307,03.11.2022
H129,17.27,20.11,11,307,03.11.2022
H130,17.88,25.05,11,307,03.11.2022
H131,33.74,25.46,11,307,03.11.2022
H132,18.7,15.08,11,307,03.11.2022
H133,24.87,20.45,11,307,03.11.2022
H134,32.83,26.52,11,307,03.11.2022
H135,17.58,16.05,11,307,03.11.2022
H136,33.86,24.85,11,307,03.11.2022
H137,18.59,23.84,11,307,03.11.2022
H138,18.12,22.39,11,307,03.11.2022
H139,,20.57,11,307,03.11.2022
H140,20.71,22.57,11,307,03.11.2022
H141,26.15,27.78,11,307,03.11.2022
H142,25.83,22.53,11,307,03.11.2022
H143,,25.85,11,307,03.11.2022
H144,33.89,22.13,11,307,03.11.2022
I145,25.43,20.75,11,307,03.11.2022
I146,13.89,15.79,11,307,03.11.2022
I147,15.42,22.04,11,307,03.11.2022
I148,7.57,12.15,11,307,03.11.2022
I149,17.3,18.77,11,307,03.11.2022
I150,13.78,15.31,11,307,03.11.2022
I151,20.89,16.99,11,307,03.11.2022
I152,23.72,17.21,11,307,03.11.2022
I153,22.56,22.19,11,307,03.11.2022
I154,19.85,18.2,11,307,03.11.2022
I155,26.32,16.2,11,307,03.11.2022
I156,23.6,17.96,11,307,03.11.2022
I157,,24.06,11,307,03.11.2022
I158,7.75,15.3,11,307,03.11.2022
I159,,17.66,11,307,03.11.2022
I160,23.72,19.61,11,307,03.11.2022
I161,14.93,18.67,11,307,03.11.2022
I162,,22.01,11,307,03.11.2022
J163,15.25,17.69,11,307,03.11.2022
J164,23.65,26.03,11,307,03.11.2022
J165,16.62,17.38,11,307,03.11.2022
J166,30.37,22.68,11,307,03.11.2022
J167,23.43,29.46,11,307,03.11.2022
J168,24.44,17.82,11,307,03.11.2022
J169,25.89,28.75,11,307,03.11.2022
J170,19.75,16.85,11,307,03.11.2022
J171,22.83,27.04,11,307,03.11.2022
J172,33.67,23.95,11,307,03.11.2022
J173,26.41,18.93,11,307,03.11.2022
J174,21.84,22.03,11,307,03.11.2022
J175,17.41,21.57,11,307,03.11.2022
J176,25.45,18.57,11,307,03.11.2022
J177,21.4,21.68,11,307,03.11.2022
J178,25.52,20.09,11,307,03.11.2022
J179,25.15,20.59,11,307,03.11.2022
J180,24.76,19.91,11,307,03.11.2022
K181,22.37,26.01,11,307,03.11.2022
K182,16.86,21.53,11,307,03.11.2022
K183,20.73,18.97,11,307,03.11.2022
K184,9.91,17.71,11,307,03.11.2022
K185,16.26,16.38,11,307,03.11.2022
K186,23.84,16.35,11,307,03.11.2022
K187,,21.35,11,307,03.11.2022
K188,24.5,21.42,11,307,03.11.2022
K189,18.94,16.83,11,307,03.11.2022
K190,10.1,,11,307,03.11.2022
K191,21.07,18.34,11,307,03.11.2022
K192,23.68,16.5,11,307,03.11.2022
K193,21.36,19.07,11,307,03.11.2022
K194,19.59,20.53,11,307,03.11.2022
K195,22.91,19.11,11,307,03.11.2022
K196,23.55,19.9,11,307,03.11.2022
K197,24.54,22.72,11,307,03.11.2022
K198,25.4,20.05,11,307,03.11.2022